lon,lat,name,y,x
-62.25,8.25,Station_163_235,163,235
-61.75,8.25,Station_163_236,163,236
-61.25,8.25,Station_163_237,163,237
-60.75,8.25,Station_163_238,163,238
-64.25,7.75,Station_164_231,164,231
-61.25,7.75,Station_164_237,164,237
-60.75,7.75,Station_164_238,164,238
-60.25,7.75,Station_164_239,164,239
-59.75,7.75,Station_164_240,164,240
-65.25,7.25,Station_165_229,165,229
-64.25,7.25,Station_165_231,165,231
-63.75,7.25,Station_165_232,165,232
-62.25,7.25,Station_165_235,165,235
-61.75,7.25,Station_165_236,165,236
-61.25,7.25,Station_165_237,165,237
-60.75,7.25,Station_165_238,165,238
-60.25,7.25,Station_165_239,165,239
-59.75,7.25,Station_165_240,165,240
-59.25,7.25,Station_165_241,165,241
-58.75,7.25,Station_165_242,165,242
-66.25,6.75,Station_166_227,166,227
-65.75,6.75,Station_166_228,166,228
-65.25,6.75,Station_166_229,166,229
-64.75,6.75,Station_166_230,166,230
-64.25,6.75,Station_166_231,166,231
-63.75,6.75,Station_166_232,166,232
-63.25,6.75,Station_166_233,166,233
-62.75,6.75,Station_166_234,166,234
-62.25,6.75,Station_166_235,166,235
-61.75,6.75,Station_166_236,166,236
-61.25,6.75,Station_166_237,166,237
-60.75,6.75,Station_166_238,166,238
-60.25,6.75,Station_166_239,166,239
-59.75,6.75,Station_166_240,166,240
-59.25,6.75,Station_166_241,166,241
-58.75,6.75,Station_166_242,166,242
-58.25,6.75,Station_166_243,166,243
-66.75,6.25,Station_167_226,167,226
-66.25,6.25,Station_167_227,167,227
-65.75,6.25,Station_167_228,167,228
-65.25,6.25,Station_167_229,167,229
-64.75,6.25,Station_167_230,167,230
-64.25,6.25,Station_167_231,167,231
-63.75,6.25,Station_167_232,167,232
-63.25,6.25,Station_167_233,167,233
-62.75,6.25,Station_167_234,167,234
-62.25,6.25,Station_167_235,167,235
-61.75,6.25,Station_167_236,167,236
-61.25,6.25,Station_167_237,167,237
-60.75,6.25,Station_167_238,167,238
-60.25,6.25,Station_167_239,167,239
-59.75,6.25,Station_167_240,167,240
-59.25,6.25,Station_167_241,167,241
-58.75,6.25,Station_167_242,167,242
-58.25,6.25,Station_167_243,167,243
-57.75,6.25,Station_167_244,167,244
-66.75,5.75,Station_168_226,168,226
-66.25,5.75,Station_168_227,168,227
-65.75,5.75,Station_168_228,168,228
-65.25,5.75,Station_168_229,168,229
-64.75,5.75,Station_168_230,168,230
-64.25,5.75,Station_168_231,168,231
-63.75,5.75,Station_168_232,168,232
-63.25,5.75,Station_168_233,168,233
-62.75,5.75,Station_168_234,168,234
-62.25,5.75,Station_168_235,168,235
-61.75,5.75,Station_168_236,168,236
-61.25,5.75,Station_168_237,168,237
-60.75,5.75,Station_168_238,168,238
-60.25,5.75,Station_168_239,168,239
-59.75,5.75,Station_168_240,168,240
-59.25,5.75,Station_168_241,168,241
-58.75,5.75,Station_168_242,168,242
-58.25,5.75,Station_168_243,168,243
-57.75,5.75,Station_168_244,168,244
-54.75,5.75,Station_168_250,168,250
-67.25,5.25,Station_169_225,169,225
-66.75,5.25,Station_169_226,169,226
-66.25,5.25,Station_169_227,169,227
-65.75,5.25,Station_169_228,169,228
-65.25,5.25,Station_169_229,169,229
-64.75,5.25,Station_169_230,169,230
-64.25,5.25,Station_169_231,169,231
-63.75,5.25,Station_169_232,169,232
-63.25,5.25,Station_169_233,169,233
-62.75,5.25,Station_169_234,169,234
-62.25,5.25,Station_169_235,169,235
-61.75,5.25,Station_169_236,169,236
-60.75,5.25,Station_169_238,169,238
-60.25,5.25,Station_169_239,169,239
-59.75,5.25,Station_169_240,169,240
-59.25,5.25,Station_169_241,169,241
-58.75,5.25,Station_169_242,169,242
-58.25,5.25,Station_169_243,169,243
-57.75,5.25,Station_169_244,169,244
-57.25,5.25,Station_169_245,169,245
-56.75,5.25,Station_169_246,169,246
-56.25,5.25,Station_169_247,169,247
-55.75,5.25,Station_169_248,169,248
-55.25,5.25,Station_169_249,169,249
-54.75,5.25,Station_169_250,169,250
-54.25,5.25,Station_169_251,169,251
-53.75,5.25,Station_169_252,169,252
-53.25,5.25,Station_169_253,169,253
-67.25,4.75,Station_170_225,170,225
-66.75,4.75,Station_170_226,170,226
-66.25,4.75,Station_170_227,170,227
-65.75,4.75,Station_170_228,170,228
-65.25,4.75,Station_170_229,170,229
-64.75,4.75,Station_170_230,170,230
-64.25,4.75,Station_170_231,170,231
-63.75,4.75,Station_170_232,170,232
-63.25,4.75,Station_170_233,170,233
-62.75,4.75,Station_170_234,170,234
-62.25,4.75,Station_170_235,170,235
-61.75,4.75,Station_170_236,170,236
-59.25,4.75,Station_170_241,170,241
-58.75,4.75,Station_170_242,170,242
-58.25,4.75,Station_170_243,170,243
-57.75,4.75,Station_170_244,170,244
-57.25,4.75,Station_170_245,170,245
-56.75,4.75,Station_170_246,170,246
-56.25,4.75,Station_170_247,170,247
-55.75,4.75,Station_170_248,170,248
-55.25,4.75,Station_170_249,170,249
-54.75,4.75,Station_170_250,170,250
-54.25,4.75,Station_170_251,170,251
-53.75,4.75,Station_170_252,170,252
-53.25,4.75,Station_170_253,170,253
-52.75,4.75,Station_170_254,170,254
-52.25,4.75,Station_170_255,170,255
-69.75,4.25,Station_171_220,171,220
-69.25,4.25,Station_171_221,171,221
-68.75,4.25,Station_171_222,171,222
-68.25,4.25,Station_171_223,171,223
-67.75,4.25,Station_171_224,171,224
-67.25,4.25,Station_171_225,171,225
-66.75,4.25,Station_171_226,171,226
-66.25,4.25,Station_171_227,171,227
-65.75,4.25,Station_171_228,171,228
-65.25,4.25,Station_171_229,171,229
-64.75,4.25,Station_171_230,171,230
-64.25,4.25,Station_171_231,171,231
-63.75,4.25,Station_171_232,171,232
-63.25,4.25,Station_171_233,171,233
-62.75,4.25,Station_171_234,171,234
-62.25,4.25,Station_171_235,171,235
-61.75,4.25,Station_171_236,171,236
-61.25,4.25,Station_171_237,171,237
-59.25,4.25,Station_171_241,171,241
-58.75,4.25,Station_171_242,171,242
-58.25,4.25,Station_171_243,171,243
-57.75,4.25,Station_171_244,171,244
-57.25,4.25,Station_171_245,171,245
-56.75,4.25,Station_171_246,171,246
-56.25,4.25,Station_171_247,171,247
-55.75,4.25,Station_171_248,171,248
-55.25,4.25,Station_171_249,171,249
-54.75,4.25,Station_171_250,171,250
-54.25,4.25,Station_171_251,171,251
-53.75,4.25,Station_171_252,171,252
-53.25,4.25,Station_171_253,171,253
-52.75,4.25,Station_171_254,171,254
-52.25,4.25,Station_171_255,171,255
-70.75,3.75,Station_172_218,172,218
-70.25,3.75,Station_172_219,172,219
-69.75,3.75,Station_172_220,172,220
-69.25,3.75,Station_172_221,172,221
-68.75,3.75,Station_172_222,172,222
-68.25,3.75,Station_172_223,172,223
-67.25,3.75,Station_172_225,172,225
-66.75,3.75,Station_172_226,172,226
-66.25,3.75,Station_172_227,172,227
-65.75,3.75,Station_172_228,172,228
-65.25,3.75,Station_172_229,172,229
-64.75,3.75,Station_172_230,172,230
-64.25,3.75,Station_172_231,172,231
-63.75,3.75,Station_172_232,172,232
-63.25,3.75,Station_172_233,172,233
-62.75,3.75,Station_172_234,172,234
-62.25,3.75,Station_172_235,172,235
-61.75,3.75,Station_172_236,172,236
-61.25,3.75,Station_172_237,172,237
-58.75,3.75,Station_172_242,172,242
-58.25,3.75,Station_172_243,172,243
-57.75,3.75,Station_172_244,172,244
-57.25,3.75,Station_172_245,172,245
-56.75,3.75,Station_172_246,172,246
-56.25,3.75,Station_172_247,172,247
-55.75,3.75,Station_172_248,172,248
-55.25,3.75,Station_172_249,172,249
-54.75,3.75,Station_172_250,172,250
-54.25,3.75,Station_172_251,172,251
-53.75,3.75,Station_172_252,172,252
-53.25,3.75,Station_172_253,172,253
-52.75,3.75,Station_172_254,172,254
-52.25,3.75,Station_172_255,172,255
-51.75,3.75,Station_172_256,172,256
-51.25,3.75,Station_172_257,172,257
-71.25,3.25,Station_173_217,173,217
-70.75,3.25,Station_173_218,173,218
-70.25,3.25,Station_173_219,173,219
-69.75,3.25,Station_173_220,173,220
-69.25,3.25,Station_173_221,173,221
-68.75,3.25,Station_173_222,173,222
-68.25,3.25,Station_173_223,173,223
-67.75,3.25,Station_173_224,173,224
-67.25,3.25,Station_173_225,173,225
-66.75,3.25,Station_173_226,173,226
-66.25,3.25,Station_173_227,173,227
-65.75,3.25,Station_173_228,173,228
-65.25,3.25,Station_173_229,173,229
-64.75,3.25,Station_173_230,173,230
-64.25,3.25,Station_173_231,173,231
-63.75,3.25,Station_173_232,173,232
-63.25,3.25,Station_173_233,173,233
-62.75,3.25,Station_173_234,173,234
-62.25,3.25,Station_173_235,173,235
-61.75,3.25,Station_173_236,173,236
-61.25,3.25,Station_173_237,173,237
-59.25,3.25,Station_173_241,173,241
-58.75,3.25,Station_173_242,173,242
-58.25,3.25,Station_173_243,173,243
-57.75,3.25,Station_173_244,173,244
-57.25,3.25,Station_173_245,173,245
-56.75,3.25,Station_173_246,173,246
-56.25,3.25,Station_173_247,173,247
-55.75,3.25,Station_173_248,173,248
-55.25,3.25,Station_173_249,173,249
-54.75,3.25,Station_173_250,173,250
-54.25,3.25,Station_173_251,173,251
-53.75,3.25,Station_173_252,173,252
-53.25,3.25,Station_173_253,173,253
-52.75,3.25,Station_173_254,173,254
-52.25,3.25,Station_173_255,173,255
-51.75,3.25,Station_173_256,173,256
-51.25,3.25,Station_173_257,173,257
-74.25,2.75,Station_174_211,174,211
-73.75,2.75,Station_174_212,174,212
-73.25,2.75,Station_174_213,174,213
-72.75,2.75,Station_174_214,174,214
-71.75,2.75,Station_174_216,174,216
-71.25,2.75,Station_174_217,174,217
-70.75,2.75,Station_174_218,174,218
-70.25,2.75,Station_174_219,174,219
-69.75,2.75,Station_174_220,174,220
-69.25,2.75,Station_174_221,174,221
-68.75,2.75,Station_174_222,174,222
-68.25,2.75,Station_174_223,174,223
-67.75,2.75,Station_174_224,174,224
-67.25,2.75,Station_174_225,174,225
-66.75,2.75,Station_174_226,174,226
-66.25,2.75,Station_174_227,174,227
-65.75,2.75,Station_174_228,174,228
-65.25,2.75,Station_174_229,174,229
-64.75,2.75,Station_174_230,174,230
-64.25,2.75,Station_174_231,174,231
-63.75,2.75,Station_174_232,174,232
-63.25,2.75,Station_174_233,174,233
-62.75,2.75,Station_174_234,174,234
-62.25,2.75,Station_174_235,174,235
-61.75,2.75,Station_174_236,174,236
-61.25,2.75,Station_174_237,174,237
-60.75,2.75,Station_174_238,174,238
-60.25,2.75,Station_174_239,174,239
-59.75,2.75,Station_174_240,174,240
-58.75,2.75,Station_174_242,174,242
-58.25,2.75,Station_174_243,174,243
-57.75,2.75,Station_174_244,174,244
-57.25,2.75,Station_174_245,174,245
-56.75,2.75,Station_174_246,174,246
-56.25,2.75,Station_174_247,174,247
-55.75,2.75,Station_174_248,174,248
-55.25,2.75,Station_174_249,174,249
-54.75,2.75,Station_174_250,174,250
-54.25,2.75,Station_174_251,174,251
-53.75,2.75,Station_174_252,174,252
-53.25,2.75,Station_174_253,174,253
-52.75,2.75,Station_174_254,174,254
-52.25,2.75,Station_174_255,174,255
-51.75,2.75,Station_174_256,174,256
-51.25,2.75,Station_174_257,174,257
-74.75,2.25,Station_175_210,175,210
-74.25,2.25,Station_175_211,175,211
-73.75,2.25,Station_175_212,175,212
-73.25,2.25,Station_175_213,175,213
-72.75,2.25,Station_175_214,175,214
-71.75,2.25,Station_175_216,175,216
-71.25,2.25,Station_175_217,175,217
-70.75,2.25,Station_175_218,175,218
-70.25,2.25,Station_175_219,175,219
-69.75,2.25,Station_175_220,175,220
-69.25,2.25,Station_175_221,175,221
-68.75,2.25,Station_175_222,175,222
-68.25,2.25,Station_175_223,175,223
-67.75,2.25,Station_175_224,175,224
-67.25,2.25,Station_175_225,175,225
-66.75,2.25,Station_175_226,175,226
-66.25,2.25,Station_175_227,175,227
-65.75,2.25,Station_175_228,175,228
-65.25,2.25,Station_175_229,175,229
-64.75,2.25,Station_175_230,175,230
-64.25,2.25,Station_175_231,175,231
-63.75,2.25,Station_175_232,175,232
-63.25,2.25,Station_175_233,175,233
-62.75,2.25,Station_175_234,175,234
-62.25,2.25,Station_175_235,175,235
-61.75,2.25,Station_175_236,175,236
-61.25,2.25,Station_175_237,175,237
-60.75,2.25,Station_175_238,175,238
-60.25,2.25,Station_175_239,175,239
-59.75,2.25,Station_175_240,175,240
-58.75,2.25,Station_175_242,175,242
-58.25,2.25,Station_175_243,175,243
-57.75,2.25,Station_175_244,175,244
-57.25,2.25,Station_175_245,175,245
-56.75,2.25,Station_175_246,175,246
-56.25,2.25,Station_175_247,175,247
-55.75,2.25,Station_175_248,175,248
-55.25,2.25,Station_175_249,175,249
-54.75,2.25,Station_175_250,175,250
-54.25,2.25,Station_175_251,175,251
-53.75,2.25,Station_175_252,175,252
-53.25,2.25,Station_175_253,175,253
-52.75,2.25,Station_175_254,175,254
-52.25,2.25,Station_175_255,175,255
-51.75,2.25,Station_175_256,175,256
-51.25,2.25,Station_175_257,175,257
-75.25,1.75,Station_176_209,176,209
-74.25,1.75,Station_176_211,176,211
-73.25,1.75,Station_176_213,176,213
-72.75,1.75,Station_176_214,176,214
-72.25,1.75,Station_176_215,176,215
-71.75,1.75,Station_176_216,176,216
-71.25,1.75,Station_176_217,176,217
-70.75,1.75,Station_176_218,176,218
-70.25,1.75,Station_176_219,176,219
-69.75,1.75,Station_176_220,176,220
-69.25,1.75,Station_176_221,176,221
-68.75,1.75,Station_176_222,176,222
-68.25,1.75,Station_176_223,176,223
-67.75,1.75,Station_176_224,176,224
-67.25,1.75,Station_176_225,176,225
-66.75,1.75,Station_176_226,176,226
-66.25,1.75,Station_176_227,176,227
-65.75,1.75,Station_176_228,176,228
-65.25,1.75,Station_176_229,176,229
-64.75,1.75,Station_176_230,176,230
-64.25,1.75,Station_176_231,176,231
-63.75,1.75,Station_176_232,176,232
-63.25,1.75,Station_176_233,176,233
-62.75,1.75,Station_176_234,176,234
-62.25,1.75,Station_176_235,176,235
-61.75,1.75,Station_176_236,176,236
-61.25,1.75,Station_176_237,176,237
-60.75,1.75,Station_176_238,176,238
-60.25,1.75,Station_176_239,176,239
-59.75,1.75,Station_176_240,176,240
-59.25,1.75,Station_176_241,176,241
-58.75,1.75,Station_176_242,176,242
-58.25,1.75,Station_176_243,176,243
-57.75,1.75,Station_176_244,176,244
-57.25,1.75,Station_176_245,176,245
-56.75,1.75,Station_176_246,176,246
-56.25,1.75,Station_176_247,176,247
-55.25,1.75,Station_176_249,176,249
-54.75,1.75,Station_176_250,176,250
-54.25,1.75,Station_176_251,176,251
-53.75,1.75,Station_176_252,176,252
-53.25,1.75,Station_176_253,176,253
-52.75,1.75,Station_176_254,176,254
-52.25,1.75,Station_176_255,176,255
-51.75,1.75,Station_176_256,176,256
-51.25,1.75,Station_176_257,176,257
-50.75,1.75,Station_176_258,176,258
-76.25,1.25,Station_177_207,177,207
-75.75,1.25,Station_177_208,177,208
-74.25,1.25,Station_177_211,177,211
-73.75,1.25,Station_177_212,177,212
-73.25,1.25,Station_177_213,177,213
-72.75,1.25,Station_177_214,177,214
-72.25,1.25,Station_177_215,177,215
-71.75,1.25,Station_177_216,177,216
-71.25,1.25,Station_177_217,177,217
-70.75,1.25,Station_177_218,177,218
-70.25,1.25,Station_177_219,177,219
-69.75,1.25,Station_177_220,177,220
-69.25,1.25,Station_177_221,177,221
-68.75,1.25,Station_177_222,177,222
-68.25,1.25,Station_177_223,177,223
-67.75,1.25,Station_177_224,177,224
-67.25,1.25,Station_177_225,177,225
-66.75,1.25,Station_177_226,177,226
-66.25,1.25,Station_177_227,177,227
-65.75,1.25,Station_177_228,177,228
-65.25,1.25,Station_177_229,177,229
-64.75,1.25,Station_177_230,177,230
-64.25,1.25,Station_177_231,177,231
-63.75,1.25,Station_177_232,177,232
-63.25,1.25,Station_177_233,177,233
-62.75,1.25,Station_177_234,177,234
-62.25,1.25,Station_177_235,177,235
-61.75,1.25,Station_177_236,177,236
-61.25,1.25,Station_177_237,177,237
-60.75,1.25,Station_177_238,177,238
-60.25,1.25,Station_177_239,177,239
-59.75,1.25,Station_177_240,177,240
-59.25,1.25,Station_177_241,177,241
-58.75,1.25,Station_177_242,177,242
-58.25,1.25,Station_177_243,177,243
-57.75,1.25,Station_177_244,177,244
-57.25,1.25,Station_177_245,177,245
-56.75,1.25,Station_177_246,177,246
-56.25,1.25,Station_177_247,177,247
-55.75,1.25,Station_177_248,177,248
-55.25,1.25,Station_177_249,177,249
-54.75,1.25,Station_177_250,177,250
-54.25,1.25,Station_177_251,177,251
-53.75,1.25,Station_177_252,177,252
-53.25,1.25,Station_177_253,177,253
-52.75,1.25,Station_177_254,177,254
-52.25,1.25,Station_177_255,177,255
-51.75,1.25,Station_177_256,177,256
-51.25,1.25,Station_177_257,177,257
-76.75,0.75,Station_178_206,178,206
-76.25,0.75,Station_178_207,178,207
-75.75,0.75,Station_178_208,178,208
-75.25,0.75,Station_178_209,178,209
-74.75,0.75,Station_178_210,178,210
-74.25,0.75,Station_178_211,178,211
-73.75,0.75,Station_178_212,178,212
-73.25,0.75,Station_178_213,178,213
-72.75,0.75,Station_178_214,178,214
-72.25,0.75,Station_178_215,178,215
-71.75,0.75,Station_178_216,178,216
-71.25,0.75,Station_178_217,178,217
-70.75,0.75,Station_178_218,178,218
-70.25,0.75,Station_178_219,178,219
-69.75,0.75,Station_178_220,178,220
-69.25,0.75,Station_178_221,178,221
-68.75,0.75,Station_178_222,178,222
-68.25,0.75,Station_178_223,178,223
-67.75,0.75,Station_178_224,178,224
-67.25,0.75,Station_178_225,178,225
-66.75,0.75,Station_178_226,178,226
-66.25,0.75,Station_178_227,178,227
-65.75,0.75,Station_178_228,178,228
-65.25,0.75,Station_178_229,178,229
-64.75,0.75,Station_178_230,178,230
-64.25,0.75,Station_178_231,178,231
-63.75,0.75,Station_178_232,178,232
-63.25,0.75,Station_178_233,178,233
-62.75,0.75,Station_178_234,178,234
-62.25,0.75,Station_178_235,178,235
-61.75,0.75,Station_178_236,178,236
-61.25,0.75,Station_178_237,178,237
-60.75,0.75,Station_178_238,178,238
-60.25,0.75,Station_178_239,178,239
-59.75,0.75,Station_178_240,178,240
-59.25,0.75,Station_178_241,178,241
-58.75,0.75,Station_178_242,178,242
-58.25,0.75,Station_178_243,178,243
-57.75,0.75,Station_178_244,178,244
-57.25,0.75,Station_178_245,178,245
-56.75,0.75,Station_178_246,178,246
-56.25,0.75,Station_178_247,178,247
-55.75,0.75,Station_178_248,178,248
-55.25,0.75,Station_178_249,178,249
-54.75,0.75,Station_178_250,178,250
-54.25,0.75,Station_178_251,178,251
-53.75,0.75,Station_178_252,178,252
-53.25,0.75,Station_178_253,178,253
-52.75,0.75,Station_178_254,178,254
-52.25,0.75,Station_178_255,178,255
-51.75,0.75,Station_178_256,178,256
-51.25,0.75,Station_178_257,178,257
-76.75,0.25,Station_179_206,179,206
-76.25,0.25,Station_179_207,179,207
-75.75,0.25,Station_179_208,179,208
-75.25,0.25,Station_179_209,179,209
-74.75,0.25,Station_179_210,179,210
-74.25,0.25,Station_179_211,179,211
-73.75,0.25,Station_179_212,179,212
-73.25,0.25,Station_179_213,179,213
-72.75,0.25,Station_179_214,179,214
-72.25,0.25,Station_179_215,179,215
-71.75,0.25,Station_179_216,179,216
-71.25,0.25,Station_179_217,179,217
-70.75,0.25,Station_179_218,179,218
-70.25,0.25,Station_179_219,179,219
-69.75,0.25,Station_179_220,179,220
-69.25,0.25,Station_179_221,179,221
-68.75,0.25,Station_179_222,179,222
-68.25,0.25,Station_179_223,179,223
-67.75,0.25,Station_179_224,179,224
-67.25,0.25,Station_179_225,179,225
-66.75,0.25,Station_179_226,179,226
-66.25,0.25,Station_179_227,179,227
-65.75,0.25,Station_179_228,179,228
-65.25,0.25,Station_179_229,179,229
-64.75,0.25,Station_179_230,179,230
-64.25,0.25,Station_179_231,179,231
-63.75,0.25,Station_179_232,179,232
-63.25,0.25,Station_179_233,179,233
-62.75,0.25,Station_179_234,179,234
-61.75,0.25,Station_179_236,179,236
-61.25,0.25,Station_179_237,179,237
-60.75,0.25,Station_179_238,179,238
-60.25,0.25,Station_179_239,179,239
-59.75,0.25,Station_179_240,179,240
-59.25,0.25,Station_179_241,179,241
-58.75,0.25,Station_179_242,179,242
-58.25,0.25,Station_179_243,179,243
-57.75,0.25,Station_179_244,179,244
-57.25,0.25,Station_179_245,179,245
-56.75,0.25,Station_179_246,179,246
-56.25,0.25,Station_179_247,179,247
-55.75,0.25,Station_179_248,179,248
-55.25,0.25,Station_179_249,179,249
-54.75,0.25,Station_179_250,179,250
-54.25,0.25,Station_179_251,179,251
-53.75,0.25,Station_179_252,179,252
-53.25,0.25,Station_179_253,179,253
-52.75,0.25,Station_179_254,179,254
-52.25,0.25,Station_179_255,179,255
-51.75,0.25,Station_179_256,179,256
-51.25,0.25,Station_179_257,179,257
-77.75,-0.25,Station_180_204,180,204
-77.25,-0.25,Station_180_205,180,205
-76.75,-0.25,Station_180_206,180,206
-76.25,-0.25,Station_180_207,180,207
-75.75,-0.25,Station_180_208,180,208
-75.25,-0.25,Station_180_209,180,209
-74.75,-0.25,Station_180_210,180,210
-74.25,-0.25,Station_180_211,180,211
-73.75,-0.25,Station_180_212,180,212
-73.25,-0.25,Station_180_213,180,213
-72.75,-0.25,Station_180_214,180,214
-72.25,-0.25,Station_180_215,180,215
-71.75,-0.25,Station_180_216,180,216
-71.25,-0.25,Station_180_217,180,217
-70.75,-0.25,Station_180_218,180,218
-70.25,-0.25,Station_180_219,180,219
-69.75,-0.25,Station_180_220,180,220
-69.25,-0.25,Station_180_221,180,221
-68.75,-0.25,Station_180_222,180,222
-68.25,-0.25,Station_180_223,180,223
-67.75,-0.25,Station_180_224,180,224
-67.25,-0.25,Station_180_225,180,225
-66.75,-0.25,Station_180_226,180,226
-66.25,-0.25,Station_180_227,180,227
-65.75,-0.25,Station_180_228,180,228
-65.25,-0.25,Station_180_229,180,229
-64.75,-0.25,Station_180_230,180,230
-64.25,-0.25,Station_180_231,180,231
-63.75,-0.25,Station_180_232,180,232
-63.25,-0.25,Station_180_233,180,233
-62.75,-0.25,Station_180_234,180,234
-62.25,-0.25,Station_180_235,180,235
-61.75,-0.25,Station_180_236,180,236
-61.25,-0.25,Station_180_237,180,237
-60.75,-0.25,Station_180_238,180,238
-60.25,-0.25,Station_180_239,180,239
-59.75,-0.25,Station_180_240,180,240
-59.25,-0.25,Station_180_241,180,241
-58.75,-0.25,Station_180_242,180,242
-58.25,-0.25,Station_180_243,180,243
-57.75,-0.25,Station_180_244,180,244
-57.25,-0.25,Station_180_245,180,245
-56.75,-0.25,Station_180_246,180,246
-56.25,-0.25,Station_180_247,180,247
-55.75,-0.25,Station_180_248,180,248
-55.25,-0.25,Station_180_249,180,249
-54.75,-0.25,Station_180_250,180,250
-54.25,-0.25,Station_180_251,180,251
-53.75,-0.25,Station_180_252,180,252
-53.25,-0.25,Station_180_253,180,253
-52.75,-0.25,Station_180_254,180,254
-52.25,-0.25,Station_180_255,180,255
-51.75,-0.25,Station_180_256,180,256
-51.25,-0.25,Station_180_257,180,257
-50.75,-0.25,Station_180_258,180,258
-50.25,-0.25,Station_180_259,180,259
-49.75,-0.25,Station_180_260,180,260
-77.75,-0.75,Station_181_204,181,204
-77.25,-0.75,Station_181_205,181,205
-76.75,-0.75,Station_181_206,181,206
-76.25,-0.75,Station_181_207,181,207
-75.75,-0.75,Station_181_208,181,208
-75.25,-0.75,Station_181_209,181,209
-74.75,-0.75,Station_181_210,181,210
-74.25,-0.75,Station_181_211,181,211
-73.75,-0.75,Station_181_212,181,212
-73.25,-0.75,Station_181_213,181,213
-72.75,-0.75,Station_181_214,181,214
-72.25,-0.75,Station_181_215,181,215
-71.75,-0.75,Station_181_216,181,216
-71.25,-0.75,Station_181_217,181,217
-70.75,-0.75,Station_181_218,181,218
-70.25,-0.75,Station_181_219,181,219
-69.75,-0.75,Station_181_220,181,220
-69.25,-0.75,Station_181_221,181,221
-68.75,-0.75,Station_181_222,181,222
-68.25,-0.75,Station_181_223,181,223
-67.75,-0.75,Station_181_224,181,224
-67.25,-0.75,Station_181_225,181,225
-66.75,-0.75,Station_181_226,181,226
-66.25,-0.75,Station_181_227,181,227
-65.75,-0.75,Station_181_228,181,228
-65.25,-0.75,Station_181_229,181,229
-64.75,-0.75,Station_181_230,181,230
-64.25,-0.75,Station_181_231,181,231
-63.75,-0.75,Station_181_232,181,232
-63.25,-0.75,Station_181_233,181,233
-62.75,-0.75,Station_181_234,181,234
-62.25,-0.75,Station_181_235,181,235
-61.75,-0.75,Station_181_236,181,236
-61.25,-0.75,Station_181_237,181,237
-60.75,-0.75,Station_181_238,181,238
-60.25,-0.75,Station_181_239,181,239
-59.75,-0.75,Station_181_240,181,240
-59.25,-0.75,Station_181_241,181,241
-58.75,-0.75,Station_181_242,181,242
-58.25,-0.75,Station_181_243,181,243
-57.75,-0.75,Station_181_244,181,244
-57.25,-0.75,Station_181_245,181,245
-56.75,-0.75,Station_181_246,181,246
-56.25,-0.75,Station_181_247,181,247
-55.75,-0.75,Station_181_248,181,248
-55.25,-0.75,Station_181_249,181,249
-54.75,-0.75,Station_181_250,181,250
-54.25,-0.75,Station_181_251,181,251
-53.75,-0.75,Station_181_252,181,252
-53.25,-0.75,Station_181_253,181,253
-52.75,-0.75,Station_181_254,181,254
-52.25,-0.75,Station_181_255,181,255
-51.75,-0.75,Station_181_256,181,256
-51.25,-0.75,Station_181_257,181,257
-50.75,-0.75,Station_181_258,181,258
-50.25,-0.75,Station_181_259,181,259
-49.75,-0.75,Station_181_260,181,260
-49.25,-0.75,Station_181_261,181,261
-47.75,-0.75,Station_181_264,181,264
-47.25,-0.75,Station_181_265,181,265
-78.25,-1.25,Station_182_203,182,203
-77.75,-1.25,Station_182_204,182,204
-77.25,-1.25,Station_182_205,182,205
-76.75,-1.25,Station_182_206,182,206
-76.25,-1.25,Station_182_207,182,207
-75.75,-1.25,Station_182_208,182,208
-75.25,-1.25,Station_182_209,182,209
-74.75,-1.25,Station_182_210,182,210
-74.25,-1.25,Station_182_211,182,211
-73.75,-1.25,Station_182_212,182,212
-73.25,-1.25,Station_182_213,182,213
-72.75,-1.25,Station_182_214,182,214
-72.25,-1.25,Station_182_215,182,215
-71.75,-1.25,Station_182_216,182,216
-71.25,-1.25,Station_182_217,182,217
-70.75,-1.25,Station_182_218,182,218
-70.25,-1.25,Station_182_219,182,219
-69.75,-1.25,Station_182_220,182,220
-69.25,-1.25,Station_182_221,182,221
-68.75,-1.25,Station_182_222,182,222
-68.25,-1.25,Station_182_223,182,223
-67.75,-1.25,Station_182_224,182,224
-67.25,-1.25,Station_182_225,182,225
-66.75,-1.25,Station_182_226,182,226
-66.25,-1.25,Station_182_227,182,227
-65.75,-1.25,Station_182_228,182,228
-65.25,-1.25,Station_182_229,182,229
-64.75,-1.25,Station_182_230,182,230
-64.25,-1.25,Station_182_231,182,231
-63.75,-1.25,Station_182_232,182,232
-63.25,-1.25,Station_182_233,182,233
-62.75,-1.25,Station_182_234,182,234
-62.25,-1.25,Station_182_235,182,235
-61.75,-1.25,Station_182_236,182,236
-61.25,-1.25,Station_182_237,182,237
-60.75,-1.25,Station_182_238,182,238
-60.25,-1.25,Station_182_239,182,239
-59.75,-1.25,Station_182_240,182,240
-59.25,-1.25,Station_182_241,182,241
-58.75,-1.25,Station_182_242,182,242
-58.25,-1.25,Station_182_243,182,243
-57.75,-1.25,Station_182_244,182,244
-57.25,-1.25,Station_182_245,182,245
-56.75,-1.25,Station_182_246,182,246
-56.25,-1.25,Station_182_247,182,247
-55.75,-1.25,Station_182_248,182,248
-55.25,-1.25,Station_182_249,182,249
-54.75,-1.25,Station_182_250,182,250
-54.25,-1.25,Station_182_251,182,251
-53.75,-1.25,Station_182_252,182,252
-53.25,-1.25,Station_182_253,182,253
-52.75,-1.25,Station_182_254,182,254
-52.25,-1.25,Station_182_255,182,255
-51.75,-1.25,Station_182_256,182,256
-51.25,-1.25,Station_182_257,182,257
-50.75,-1.25,Station_182_258,182,258
-50.25,-1.25,Station_182_259,182,259
-49.75,-1.25,Station_182_260,182,260
-49.25,-1.25,Station_182_261,182,261
-48.75,-1.25,Station_182_262,182,262
-48.25,-1.25,Station_182_263,182,263
-47.75,-1.25,Station_182_264,182,264
-47.25,-1.25,Station_182_265,182,265
-46.75,-1.25,Station_182_266,182,266
-46.25,-1.25,Station_182_267,182,267
-77.75,-1.75,Station_183_204,183,204
-77.25,-1.75,Station_183_205,183,205
-76.75,-1.75,Station_183_206,183,206
-76.25,-1.75,Station_183_207,183,207
-75.75,-1.75,Station_183_208,183,208
-75.25,-1.75,Station_183_209,183,209
-74.75,-1.75,Station_183_210,183,210
-74.25,-1.75,Station_183_211,183,211
-73.75,-1.75,Station_183_212,183,212
-73.25,-1.75,Station_183_213,183,213
-72.75,-1.75,Station_183_214,183,214
-72.25,-1.75,Station_183_215,183,215
-71.75,-1.75,Station_183_216,183,216
-71.25,-1.75,Station_183_217,183,217
-70.75,-1.75,Station_183_218,183,218
-70.25,-1.75,Station_183_219,183,219
-69.75,-1.75,Station_183_220,183,220
-69.25,-1.75,Station_183_221,183,221
-68.75,-1.75,Station_183_222,183,222
-68.25,-1.75,Station_183_223,183,223
-67.75,-1.75,Station_183_224,183,224
-67.25,-1.75,Station_183_225,183,225
-66.75,-1.75,Station_183_226,183,226
-66.25,-1.75,Station_183_227,183,227
-65.75,-1.75,Station_183_228,183,228
-65.25,-1.75,Station_183_229,183,229
-64.75,-1.75,Station_183_230,183,230
-64.25,-1.75,Station_183_231,183,231
-63.75,-1.75,Station_183_232,183,232
-63.25,-1.75,Station_183_233,183,233
-62.75,-1.75,Station_183_234,183,234
-62.25,-1.75,Station_183_235,183,235
-61.75,-1.75,Station_183_236,183,236
-61.25,-1.75,Station_183_237,183,237
-60.75,-1.75,Station_183_238,183,238
-60.25,-1.75,Station_183_239,183,239
-59.75,-1.75,Station_183_240,183,240
-59.25,-1.75,Station_183_241,183,241
-58.75,-1.75,Station_183_242,183,242
-58.25,-1.75,Station_183_243,183,243
-57.75,-1.75,Station_183_244,183,244
-57.25,-1.75,Station_183_245,183,245
-56.75,-1.75,Station_183_246,183,246
-56.25,-1.75,Station_183_247,183,247
-55.75,-1.75,Station_183_248,183,248
-55.25,-1.75,Station_183_249,183,249
-54.75,-1.75,Station_183_250,183,250
-54.25,-1.75,Station_183_251,183,251
-53.75,-1.75,Station_183_252,183,252
-53.25,-1.75,Station_183_253,183,253
-52.75,-1.75,Station_183_254,183,254
-52.25,-1.75,Station_183_255,183,255
-51.75,-1.75,Station_183_256,183,256
-51.25,-1.75,Station_183_257,183,257
-50.75,-1.75,Station_183_258,183,258
-50.25,-1.75,Station_183_259,183,259
-49.75,-1.75,Station_183_260,183,260
-49.25,-1.75,Station_183_261,183,261
-48.75,-1.75,Station_183_262,183,262
-48.25,-1.75,Station_183_263,183,263
-47.75,-1.75,Station_183_264,183,264
-47.25,-1.75,Station_183_265,183,265
-46.25,-1.75,Station_183_267,183,267
-45.75,-1.75,Station_183_268,183,268
-45.25,-1.75,Station_183_269,183,269
-44.75,-1.75,Station_183_270,183,270
-78.25,-2.25,Station_184_203,184,203
-77.75,-2.25,Station_184_204,184,204
-77.25,-2.25,Station_184_205,184,205
-76.75,-2.25,Station_184_206,184,206
-76.25,-2.25,Station_184_207,184,207
-75.75,-2.25,Station_184_208,184,208
-75.25,-2.25,Station_184_209,184,209
-74.75,-2.25,Station_184_210,184,210
-74.25,-2.25,Station_184_211,184,211
-73.75,-2.25,Station_184_212,184,212
-73.25,-2.25,Station_184_213,184,213
-72.75,-2.25,Station_184_214,184,214
-72.25,-2.25,Station_184_215,184,215
-71.75,-2.25,Station_184_216,184,216
-71.25,-2.25,Station_184_217,184,217
-70.75,-2.25,Station_184_218,184,218
-70.25,-2.25,Station_184_219,184,219
-69.75,-2.25,Station_184_220,184,220
-69.25,-2.25,Station_184_221,184,221
-68.75,-2.25,Station_184_222,184,222
-68.25,-2.25,Station_184_223,184,223
-67.75,-2.25,Station_184_224,184,224
-67.25,-2.25,Station_184_225,184,225
-66.75,-2.25,Station_184_226,184,226
-66.25,-2.25,Station_184_227,184,227
-65.75,-2.25,Station_184_228,184,228
-65.25,-2.25,Station_184_229,184,229
-64.75,-2.25,Station_184_230,184,230
-64.25,-2.25,Station_184_231,184,231
-63.75,-2.25,Station_184_232,184,232
-63.25,-2.25,Station_184_233,184,233
-62.75,-2.25,Station_184_234,184,234
-62.25,-2.25,Station_184_235,184,235
-61.75,-2.25,Station_184_236,184,236
-61.25,-2.25,Station_184_237,184,237
-60.75,-2.25,Station_184_238,184,238
-60.25,-2.25,Station_184_239,184,239
-59.75,-2.25,Station_184_240,184,240
-59.25,-2.25,Station_184_241,184,241
-58.75,-2.25,Station_184_242,184,242
-58.25,-2.25,Station_184_243,184,243
-57.75,-2.25,Station_184_244,184,244
-57.25,-2.25,Station_184_245,184,245
-56.75,-2.25,Station_184_246,184,246
-55.75,-2.25,Station_184_248,184,248
-55.25,-2.25,Station_184_249,184,249
-53.75,-2.25,Station_184_252,184,252
-53.25,-2.25,Station_184_253,184,253
-52.75,-2.25,Station_184_254,184,254
-52.25,-2.25,Station_184_255,184,255
-51.75,-2.25,Station_184_256,184,256
-51.25,-2.25,Station_184_257,184,257
-50.75,-2.25,Station_184_258,184,258
-50.25,-2.25,Station_184_259,184,259
-49.75,-2.25,Station_184_260,184,260
-49.25,-2.25,Station_184_261,184,261
-48.75,-2.25,Station_184_262,184,262
-48.25,-2.25,Station_184_263,184,263
-47.75,-2.25,Station_184_264,184,264
-46.75,-2.25,Station_184_266,184,266
-46.25,-2.25,Station_184_267,184,267
-45.25,-2.25,Station_184_269,184,269
-44.75,-2.25,Station_184_270,184,270
-78.25,-2.75,Station_185_203,185,203
-77.75,-2.75,Station_185_204,185,204
-77.25,-2.75,Station_185_205,185,205
-76.75,-2.75,Station_185_206,185,206
-76.25,-2.75,Station_185_207,185,207
-75.75,-2.75,Station_185_208,185,208
-75.25,-2.75,Station_185_209,185,209
-74.75,-2.75,Station_185_210,185,210
-74.25,-2.75,Station_185_211,185,211
-73.75,-2.75,Station_185_212,185,212
-73.25,-2.75,Station_185_213,185,213
-72.75,-2.75,Station_185_214,185,214
-72.25,-2.75,Station_185_215,185,215
-71.75,-2.75,Station_185_216,185,216
-71.25,-2.75,Station_185_217,185,217
-70.75,-2.75,Station_185_218,185,218
-70.25,-2.75,Station_185_219,185,219
-69.75,-2.75,Station_185_220,185,220
-69.25,-2.75,Station_185_221,185,221
-68.75,-2.75,Station_185_222,185,222
-68.25,-2.75,Station_185_223,185,223
-67.75,-2.75,Station_185_224,185,224
-67.25,-2.75,Station_185_225,185,225
-66.75,-2.75,Station_185_226,185,226
-66.25,-2.75,Station_185_227,185,227
-65.75,-2.75,Station_185_228,185,228
-65.25,-2.75,Station_185_229,185,229
-64.75,-2.75,Station_185_230,185,230
-64.25,-2.75,Station_185_231,185,231
-63.75,-2.75,Station_185_232,185,232
-63.25,-2.75,Station_185_233,185,233
-62.75,-2.75,Station_185_234,185,234
-62.25,-2.75,Station_185_235,185,235
-61.75,-2.75,Station_185_236,185,236
-61.25,-2.75,Station_185_237,185,237
-60.75,-2.75,Station_185_238,185,238
-60.25,-2.75,Station_185_239,185,239
-59.75,-2.75,Station_185_240,185,240
-59.25,-2.75,Station_185_241,185,241
-58.75,-2.75,Station_185_242,185,242
-58.25,-2.75,Station_185_243,185,243
-57.75,-2.75,Station_185_244,185,244
-57.25,-2.75,Station_185_245,185,245
-56.25,-2.75,Station_185_247,185,247
-55.75,-2.75,Station_185_248,185,248
-55.25,-2.75,Station_185_249,185,249
-54.75,-2.75,Station_185_250,185,250
-54.25,-2.75,Station_185_251,185,251
-53.75,-2.75,Station_185_252,185,252
-53.25,-2.75,Station_185_253,185,253
-52.75,-2.75,Station_185_254,185,254
-52.25,-2.75,Station_185_255,185,255
-51.75,-2.75,Station_185_256,185,256
-51.25,-2.75,Station_185_257,185,257
-50.75,-2.75,Station_185_258,185,258
-50.25,-2.75,Station_185_259,185,259
-49.75,-2.75,Station_185_260,185,260
-49.25,-2.75,Station_185_261,185,261
-48.75,-2.75,Station_185_262,185,262
-48.25,-2.75,Station_185_263,185,263
-47.75,-2.75,Station_185_264,185,264
-47.25,-2.75,Station_185_265,185,265
-46.75,-2.75,Station_185_266,185,266
-46.25,-2.75,Station_185_267,185,267
-45.75,-2.75,Station_185_268,185,268
-44.75,-2.75,Station_185_270,185,270
-78.25,-3.25,Station_186_203,186,203
-77.75,-3.25,Station_186_204,186,204
-77.25,-3.25,Station_186_205,186,205
-76.25,-3.25,Station_186_207,186,207
-75.25,-3.25,Station_186_209,186,209
-74.75,-3.25,Station_186_210,186,210
-74.25,-3.25,Station_186_211,186,211
-73.75,-3.25,Station_186_212,186,212
-73.25,-3.25,Station_186_213,186,213
-72.75,-3.25,Station_186_214,186,214
-72.25,-3.25,Station_186_215,186,215
-71.75,-3.25,Station_186_216,186,216
-71.25,-3.25,Station_186_217,186,217
-70.75,-3.25,Station_186_218,186,218
-70.25,-3.25,Station_186_219,186,219
-69.75,-3.25,Station_186_220,186,220
-69.25,-3.25,Station_186_221,186,221
-68.75,-3.25,Station_186_222,186,222
-68.25,-3.25,Station_186_223,186,223
-67.75,-3.25,Station_186_224,186,224
-67.25,-3.25,Station_186_225,186,225
-66.75,-3.25,Station_186_226,186,226
-66.25,-3.25,Station_186_227,186,227
-65.75,-3.25,Station_186_228,186,228
-65.25,-3.25,Station_186_229,186,229
-64.75,-3.25,Station_186_230,186,230
-64.25,-3.25,Station_186_231,186,231
-63.75,-3.25,Station_186_232,186,232
-63.25,-3.25,Station_186_233,186,233
-62.75,-3.25,Station_186_234,186,234
-62.25,-3.25,Station_186_235,186,235
-61.75,-3.25,Station_186_236,186,236
-61.25,-3.25,Station_186_237,186,237
-60.75,-3.25,Station_186_238,186,238
-60.25,-3.25,Station_186_239,186,239
-59.75,-3.25,Station_186_240,186,240
-59.25,-3.25,Station_186_241,186,241
-58.75,-3.25,Station_186_242,186,242
-58.25,-3.25,Station_186_243,186,243
-57.75,-3.25,Station_186_244,186,244
-57.25,-3.25,Station_186_245,186,245
-56.75,-3.25,Station_186_246,186,246
-56.25,-3.25,Station_186_247,186,247
-55.75,-3.25,Station_186_248,186,248
-55.25,-3.25,Station_186_249,186,249
-54.75,-3.25,Station_186_250,186,250
-54.25,-3.25,Station_186_251,186,251
-53.75,-3.25,Station_186_252,186,252
-53.25,-3.25,Station_186_253,186,253
-52.75,-3.25,Station_186_254,186,254
-52.25,-3.25,Station_186_255,186,255
-51.75,-3.25,Station_186_256,186,256
-51.25,-3.25,Station_186_257,186,257
-50.75,-3.25,Station_186_258,186,258
-50.25,-3.25,Station_186_259,186,259
-49.75,-3.25,Station_186_260,186,260
-49.25,-3.25,Station_186_261,186,261
-48.75,-3.25,Station_186_262,186,262
-48.25,-3.25,Station_186_263,186,263
-47.75,-3.25,Station_186_264,186,264
-47.25,-3.25,Station_186_265,186,265
-46.75,-3.25,Station_186_266,186,266
-46.25,-3.25,Station_186_267,186,267
-45.75,-3.25,Station_186_268,186,268
-45.25,-3.25,Station_186_269,186,269
-44.75,-3.25,Station_186_270,186,270
-78.75,-3.75,Station_187_202,187,202
-78.25,-3.75,Station_187_203,187,203
-77.75,-3.75,Station_187_204,187,204
-77.25,-3.75,Station_187_205,187,205
-73.75,-3.75,Station_187_212,187,212
-73.25,-3.75,Station_187_213,187,213
-72.75,-3.75,Station_187_214,187,214
-72.25,-3.75,Station_187_215,187,215
-71.75,-3.75,Station_187_216,187,216
-71.25,-3.75,Station_187_217,187,217
-70.75,-3.75,Station_187_218,187,218
-69.75,-3.75,Station_187_220,187,220
-69.25,-3.75,Station_187_221,187,221
-68.75,-3.75,Station_187_222,187,222
-68.25,-3.75,Station_187_223,187,223
-67.75,-3.75,Station_187_224,187,224
-67.25,-3.75,Station_187_225,187,225
-66.75,-3.75,Station_187_226,187,226
-66.25,-3.75,Station_187_227,187,227
-65.75,-3.75,Station_187_228,187,228
-65.25,-3.75,Station_187_229,187,229
-64.75,-3.75,Station_187_230,187,230
-64.25,-3.75,Station_187_231,187,231
-63.75,-3.75,Station_187_232,187,232
-63.25,-3.75,Station_187_233,187,233
-62.75,-3.75,Station_187_234,187,234
-62.25,-3.75,Station_187_235,187,235
-61.75,-3.75,Station_187_236,187,236
-61.25,-3.75,Station_187_237,187,237
-60.75,-3.75,Station_187_238,187,238
-60.25,-3.75,Station_187_239,187,239
-59.75,-3.75,Station_187_240,187,240
-59.25,-3.75,Station_187_241,187,241
-58.75,-3.75,Station_187_242,187,242
-58.25,-3.75,Station_187_243,187,243
-57.75,-3.75,Station_187_244,187,244
-57.25,-3.75,Station_187_245,187,245
-56.75,-3.75,Station_187_246,187,246
-56.25,-3.75,Station_187_247,187,247
-55.75,-3.75,Station_187_248,187,248
-55.25,-3.75,Station_187_249,187,249
-54.75,-3.75,Station_187_250,187,250
-54.25,-3.75,Station_187_251,187,251
-53.75,-3.75,Station_187_252,187,252
-53.25,-3.75,Station_187_253,187,253
-52.75,-3.75,Station_187_254,187,254
-52.25,-3.75,Station_187_255,187,255
-51.75,-3.75,Station_187_256,187,256
-51.25,-3.75,Station_187_257,187,257
-50.75,-3.75,Station_187_258,187,258
-50.25,-3.75,Station_187_259,187,259
-49.75,-3.75,Station_187_260,187,260
-48.75,-3.75,Station_187_262,187,262
-48.25,-3.75,Station_187_263,187,263
-47.75,-3.75,Station_187_264,187,264
-47.25,-3.75,Station_187_265,187,265
-46.75,-3.75,Station_187_266,187,266
-46.25,-3.75,Station_187_267,187,267
-45.75,-3.75,Station_187_268,187,268
-44.25,-3.75,Station_187_271,187,271
-78.75,-4.25,Station_188_202,188,202
-78.25,-4.25,Station_188_203,188,203
-77.75,-4.25,Station_188_204,188,204
-77.25,-4.25,Station_188_205,188,205
-73.75,-4.25,Station_188_212,188,212
-73.25,-4.25,Station_188_213,188,213
-72.75,-4.25,Station_188_214,188,214
-72.25,-4.25,Station_188_215,188,215
-71.75,-4.25,Station_188_216,188,216
-71.25,-4.25,Station_188_217,188,217
-70.75,-4.25,Station_188_218,188,218
-70.25,-4.25,Station_188_219,188,219
-69.75,-4.25,Station_188_220,188,220
-69.25,-4.25,Station_188_221,188,221
-68.75,-4.25,Station_188_222,188,222
-68.25,-4.25,Station_188_223,188,223
-67.75,-4.25,Station_188_224,188,224
-67.25,-4.25,Station_188_225,188,225
-66.75,-4.25,Station_188_226,188,226
-66.25,-4.25,Station_188_227,188,227
-65.75,-4.25,Station_188_228,188,228
-65.25,-4.25,Station_188_229,188,229
-64.75,-4.25,Station_188_230,188,230
-64.25,-4.25,Station_188_231,188,231
-63.75,-4.25,Station_188_232,188,232
-63.25,-4.25,Station_188_233,188,233
-62.75,-4.25,Station_188_234,188,234
-62.25,-4.25,Station_188_235,188,235
-61.75,-4.25,Station_188_236,188,236
-61.25,-4.25,Station_188_237,188,237
-60.75,-4.25,Station_188_238,188,238
-60.25,-4.25,Station_188_239,188,239
-59.75,-4.25,Station_188_240,188,240
-59.25,-4.25,Station_188_241,188,241
-58.75,-4.25,Station_188_242,188,242
-58.25,-4.25,Station_188_243,188,243
-57.75,-4.25,Station_188_244,188,244
-57.25,-4.25,Station_188_245,188,245
-56.75,-4.25,Station_188_246,188,246
-56.25,-4.25,Station_188_247,188,247
-55.75,-4.25,Station_188_248,188,248
-55.25,-4.25,Station_188_249,188,249
-54.75,-4.25,Station_188_250,188,250
-54.25,-4.25,Station_188_251,188,251
-53.75,-4.25,Station_188_252,188,252
-53.25,-4.25,Station_188_253,188,253
-52.75,-4.25,Station_188_254,188,254
-52.25,-4.25,Station_188_255,188,255
-51.75,-4.25,Station_188_256,188,256
-51.25,-4.25,Station_188_257,188,257
-50.75,-4.25,Station_188_258,188,258
-50.25,-4.25,Station_188_259,188,259
-49.75,-4.25,Station_188_260,188,260
-49.25,-4.25,Station_188_261,188,261
-48.25,-4.25,Station_188_263,188,263
-47.75,-4.25,Station_188_264,188,264
-47.25,-4.25,Station_188_265,188,265
-45.75,-4.25,Station_188_268,188,268
-44.25,-4.25,Station_188_271,188,271
-78.75,-4.75,Station_189_202,189,202
-78.25,-4.75,Station_189_203,189,203
-77.75,-4.75,Station_189_204,189,204
-77.25,-4.75,Station_189_205,189,205
-73.25,-4.75,Station_189_213,189,213
-72.75,-4.75,Station_189_214,189,214
-72.25,-4.75,Station_189_215,189,215
-71.75,-4.75,Station_189_216,189,216
-71.25,-4.75,Station_189_217,189,217
-70.75,-4.75,Station_189_218,189,218
-70.25,-4.75,Station_189_219,189,219
-69.75,-4.75,Station_189_220,189,220
-69.25,-4.75,Station_189_221,189,221
-68.75,-4.75,Station_189_222,189,222
-68.25,-4.75,Station_189_223,189,223
-67.75,-4.75,Station_189_224,189,224
-67.25,-4.75,Station_189_225,189,225
-66.75,-4.75,Station_189_226,189,226
-66.25,-4.75,Station_189_227,189,227
-65.75,-4.75,Station_189_228,189,228
-65.25,-4.75,Station_189_229,189,229
-64.75,-4.75,Station_189_230,189,230
-64.25,-4.75,Station_189_231,189,231
-63.75,-4.75,Station_189_232,189,232
-63.25,-4.75,Station_189_233,189,233
-62.75,-4.75,Station_189_234,189,234
-62.25,-4.75,Station_189_235,189,235
-61.75,-4.75,Station_189_236,189,236
-61.25,-4.75,Station_189_237,189,237
-60.75,-4.75,Station_189_238,189,238
-60.25,-4.75,Station_189_239,189,239
-59.75,-4.75,Station_189_240,189,240
-59.25,-4.75,Station_189_241,189,241
-58.75,-4.75,Station_189_242,189,242
-58.25,-4.75,Station_189_243,189,243
-57.75,-4.75,Station_189_244,189,244
-57.25,-4.75,Station_189_245,189,245
-56.75,-4.75,Station_189_246,189,246
-56.25,-4.75,Station_189_247,189,247
-55.75,-4.75,Station_189_248,189,248
-55.25,-4.75,Station_189_249,189,249
-54.75,-4.75,Station_189_250,189,250
-54.25,-4.75,Station_189_251,189,251
-53.75,-4.75,Station_189_252,189,252
-53.25,-4.75,Station_189_253,189,253
-52.75,-4.75,Station_189_254,189,254
-52.25,-4.75,Station_189_255,189,255
-51.75,-4.75,Station_189_256,189,256
-51.25,-4.75,Station_189_257,189,257
-50.75,-4.75,Station_189_258,189,258
-50.25,-4.75,Station_189_259,189,259
-49.75,-4.75,Station_189_260,189,260
-49.25,-4.75,Station_189_261,189,261
-48.25,-4.75,Station_189_263,189,263
-47.75,-4.75,Station_189_264,189,264
-46.25,-4.75,Station_189_267,189,267
-45.75,-4.75,Station_189_268,189,268
-45.25,-4.75,Station_189_269,189,269
-44.75,-4.75,Station_189_270,189,270
-44.25,-4.75,Station_189_271,189,271
-78.75,-5.25,Station_190_202,190,202
-78.25,-5.25,Station_190_203,190,203
-77.75,-5.25,Station_190_204,190,204
-77.25,-5.25,Station_190_205,190,205
-76.75,-5.25,Station_190_206,190,206
-76.25,-5.25,Station_190_207,190,207
-73.25,-5.25,Station_190_213,190,213
-72.75,-5.25,Station_190_214,190,214
-72.25,-5.25,Station_190_215,190,215
-71.75,-5.25,Station_190_216,190,216
-71.25,-5.25,Station_190_217,190,217
-70.75,-5.25,Station_190_218,190,218
-70.25,-5.25,Station_190_219,190,219
-69.75,-5.25,Station_190_220,190,220
-69.25,-5.25,Station_190_221,190,221
-68.75,-5.25,Station_190_222,190,222
-68.25,-5.25,Station_190_223,190,223
-67.75,-5.25,Station_190_224,190,224
-67.25,-5.25,Station_190_225,190,225
-66.75,-5.25,Station_190_226,190,226
-66.25,-5.25,Station_190_227,190,227
-65.75,-5.25,Station_190_228,190,228
-65.25,-5.25,Station_190_229,190,229
-64.75,-5.25,Station_190_230,190,230
-64.25,-5.25,Station_190_231,190,231
-63.75,-5.25,Station_190_232,190,232
-63.25,-5.25,Station_190_233,190,233
-62.75,-5.25,Station_190_234,190,234
-62.25,-5.25,Station_190_235,190,235
-61.75,-5.25,Station_190_236,190,236
-61.25,-5.25,Station_190_237,190,237
-60.75,-5.25,Station_190_238,190,238
-60.25,-5.25,Station_190_239,190,239
-59.75,-5.25,Station_190_240,190,240
-59.25,-5.25,Station_190_241,190,241
-58.75,-5.25,Station_190_242,190,242
-58.25,-5.25,Station_190_243,190,243
-57.75,-5.25,Station_190_244,190,244
-57.25,-5.25,Station_190_245,190,245
-56.75,-5.25,Station_190_246,190,246
-56.25,-5.25,Station_190_247,190,247
-55.75,-5.25,Station_190_248,190,248
-55.25,-5.25,Station_190_249,190,249
-54.75,-5.25,Station_190_250,190,250
-54.25,-5.25,Station_190_251,190,251
-53.75,-5.25,Station_190_252,190,252
-53.25,-5.25,Station_190_253,190,253
-52.75,-5.25,Station_190_254,190,254
-52.25,-5.25,Station_190_255,190,255
-51.75,-5.25,Station_190_256,190,256
-51.25,-5.25,Station_190_257,190,257
-50.75,-5.25,Station_190_258,190,258
-50.25,-5.25,Station_190_259,190,259
-49.75,-5.25,Station_190_260,190,260
-49.25,-5.25,Station_190_261,190,261
-48.75,-5.25,Station_190_262,190,262
-47.25,-5.25,Station_190_265,190,265
-46.25,-5.25,Station_190_267,190,267
-45.75,-5.25,Station_190_268,190,268
-45.25,-5.25,Station_190_269,190,269
-44.75,-5.25,Station_190_270,190,270
-77.75,-5.75,Station_191_204,191,204
-77.25,-5.75,Station_191_205,191,205
-76.75,-5.75,Station_191_206,191,206
-76.25,-5.75,Station_191_207,191,207
-75.75,-5.75,Station_191_208,191,208
-75.25,-5.75,Station_191_209,191,209
-73.25,-5.75,Station_191_213,191,213
-72.75,-5.75,Station_191_214,191,214
-72.25,-5.75,Station_191_215,191,215
-71.75,-5.75,Station_191_216,191,216
-71.25,-5.75,Station_191_217,191,217
-70.75,-5.75,Station_191_218,191,218
-70.25,-5.75,Station_191_219,191,219
-69.75,-5.75,Station_191_220,191,220
-69.25,-5.75,Station_191_221,191,221
-68.75,-5.75,Station_191_222,191,222
-68.25,-5.75,Station_191_223,191,223
-67.75,-5.75,Station_191_224,191,224
-67.25,-5.75,Station_191_225,191,225
-66.75,-5.75,Station_191_226,191,226
-66.25,-5.75,Station_191_227,191,227
-65.75,-5.75,Station_191_228,191,228
-65.25,-5.75,Station_191_229,191,229
-64.75,-5.75,Station_191_230,191,230
-64.25,-5.75,Station_191_231,191,231
-63.75,-5.75,Station_191_232,191,232
-63.25,-5.75,Station_191_233,191,233
-62.75,-5.75,Station_191_234,191,234
-62.25,-5.75,Station_191_235,191,235
-61.75,-5.75,Station_191_236,191,236
-61.25,-5.75,Station_191_237,191,237
-60.75,-5.75,Station_191_238,191,238
-60.25,-5.75,Station_191_239,191,239
-59.75,-5.75,Station_191_240,191,240
-59.25,-5.75,Station_191_241,191,241
-58.75,-5.75,Station_191_242,191,242
-58.25,-5.75,Station_191_243,191,243
-57.75,-5.75,Station_191_244,191,244
-57.25,-5.75,Station_191_245,191,245
-56.75,-5.75,Station_191_246,191,246
-56.25,-5.75,Station_191_247,191,247
-55.75,-5.75,Station_191_248,191,248
-55.25,-5.75,Station_191_249,191,249
-54.75,-5.75,Station_191_250,191,250
-54.25,-5.75,Station_191_251,191,251
-53.75,-5.75,Station_191_252,191,252
-53.25,-5.75,Station_191_253,191,253
-52.75,-5.75,Station_191_254,191,254
-52.25,-5.75,Station_191_255,191,255
-51.75,-5.75,Station_191_256,191,256
-51.25,-5.75,Station_191_257,191,257
-50.75,-5.75,Station_191_258,191,258
-50.25,-5.75,Station_191_259,191,259
-49.75,-5.75,Station_191_260,191,260
-48.25,-5.75,Station_191_263,191,263
-47.25,-5.75,Station_191_265,191,265
-46.75,-5.75,Station_191_266,191,266
-46.25,-5.75,Station_191_267,191,267
-45.75,-5.75,Station_191_268,191,268
-45.25,-5.75,Station_191_269,191,269
-77.75,-6.25,Station_192_204,192,204
-77.25,-6.25,Station_192_205,192,205
-76.75,-6.25,Station_192_206,192,206
-76.25,-6.25,Station_192_207,192,207
-75.75,-6.25,Station_192_208,192,208
-75.25,-6.25,Station_192_209,192,209
-73.75,-6.25,Station_192_212,192,212
-73.25,-6.25,Station_192_213,192,213
-72.75,-6.25,Station_192_214,192,214
-72.25,-6.25,Station_192_215,192,215
-71.75,-6.25,Station_192_216,192,216
-71.25,-6.25,Station_192_217,192,217
-70.75,-6.25,Station_192_218,192,218
-70.25,-6.25,Station_192_219,192,219
-69.75,-6.25,Station_192_220,192,220
-69.25,-6.25,Station_192_221,192,221
-68.75,-6.25,Station_192_222,192,222
-68.25,-6.25,Station_192_223,192,223
-67.75,-6.25,Station_192_224,192,224
-67.25,-6.25,Station_192_225,192,225
-66.75,-6.25,Station_192_226,192,226
-66.25,-6.25,Station_192_227,192,227
-65.75,-6.25,Station_192_228,192,228
-65.25,-6.25,Station_192_229,192,229
-64.75,-6.25,Station_192_230,192,230
-64.25,-6.25,Station_192_231,192,231
-63.75,-6.25,Station_192_232,192,232
-63.25,-6.25,Station_192_233,192,233
-62.75,-6.25,Station_192_234,192,234
-62.25,-6.25,Station_192_235,192,235
-61.75,-6.25,Station_192_236,192,236
-61.25,-6.25,Station_192_237,192,237
-60.75,-6.25,Station_192_238,192,238
-60.25,-6.25,Station_192_239,192,239
-59.75,-6.25,Station_192_240,192,240
-59.25,-6.25,Station_192_241,192,241
-58.75,-6.25,Station_192_242,192,242
-58.25,-6.25,Station_192_243,192,243
-57.75,-6.25,Station_192_244,192,244
-57.25,-6.25,Station_192_245,192,245
-56.75,-6.25,Station_192_246,192,246
-56.25,-6.25,Station_192_247,192,247
-55.75,-6.25,Station_192_248,192,248
-55.25,-6.25,Station_192_249,192,249
-54.75,-6.25,Station_192_250,192,250
-54.25,-6.25,Station_192_251,192,251
-53.75,-6.25,Station_192_252,192,252
-53.25,-6.25,Station_192_253,192,253
-52.75,-6.25,Station_192_254,192,254
-52.25,-6.25,Station_192_255,192,255
-51.75,-6.25,Station_192_256,192,256
-51.25,-6.25,Station_192_257,192,257
-50.75,-6.25,Station_192_258,192,258
-50.25,-6.25,Station_192_259,192,259
-49.75,-6.25,Station_192_260,192,260
-77.25,-6.75,Station_193_205,193,205
-76.75,-6.75,Station_193_206,193,206
-75.75,-6.75,Station_193_208,193,208
-75.25,-6.75,Station_193_209,193,209
-74.75,-6.75,Station_193_210,193,210
-74.25,-6.75,Station_193_211,193,211
-73.75,-6.75,Station_193_212,193,212
-73.25,-6.75,Station_193_213,193,213
-72.75,-6.75,Station_193_214,193,214
-72.25,-6.75,Station_193_215,193,215
-71.75,-6.75,Station_193_216,193,216
-71.25,-6.75,Station_193_217,193,217
-70.75,-6.75,Station_193_218,193,218
-70.25,-6.75,Station_193_219,193,219
-69.75,-6.75,Station_193_220,193,220
-69.25,-6.75,Station_193_221,193,221
-68.75,-6.75,Station_193_222,193,222
-68.25,-6.75,Station_193_223,193,223
-67.75,-6.75,Station_193_224,193,224
-67.25,-6.75,Station_193_225,193,225
-66.75,-6.75,Station_193_226,193,226
-66.25,-6.75,Station_193_227,193,227
-65.75,-6.75,Station_193_228,193,228
-65.25,-6.75,Station_193_229,193,229
-64.75,-6.75,Station_193_230,193,230
-64.25,-6.75,Station_193_231,193,231
-63.75,-6.75,Station_193_232,193,232
-63.25,-6.75,Station_193_233,193,233
-62.75,-6.75,Station_193_234,193,234
-62.25,-6.75,Station_193_235,193,235
-61.75,-6.75,Station_193_236,193,236
-61.25,-6.75,Station_193_237,193,237
-60.75,-6.75,Station_193_238,193,238
-60.25,-6.75,Station_193_239,193,239
-59.75,-6.75,Station_193_240,193,240
-59.25,-6.75,Station_193_241,193,241
-58.75,-6.75,Station_193_242,193,242
-58.25,-6.75,Station_193_243,193,243
-57.75,-6.75,Station_193_244,193,244
-57.25,-6.75,Station_193_245,193,245
-56.75,-6.75,Station_193_246,193,246
-56.25,-6.75,Station_193_247,193,247
-55.75,-6.75,Station_193_248,193,248
-55.25,-6.75,Station_193_249,193,249
-54.75,-6.75,Station_193_250,193,250
-54.25,-6.75,Station_193_251,193,251
-53.75,-6.75,Station_193_252,193,252
-53.25,-6.75,Station_193_253,193,253
-52.75,-6.75,Station_193_254,193,254
-52.25,-6.75,Station_193_255,193,255
-51.75,-6.75,Station_193_256,193,256
-51.25,-6.75,Station_193_257,193,257
-50.75,-6.75,Station_193_258,193,258
-76.75,-7.25,Station_194_206,194,206
-76.25,-7.25,Station_194_207,194,207
-75.75,-7.25,Station_194_208,194,208
-75.25,-7.25,Station_194_209,194,209
-74.75,-7.25,Station_194_210,194,210
-74.25,-7.25,Station_194_211,194,211
-73.75,-7.25,Station_194_212,194,212
-73.25,-7.25,Station_194_213,194,213
-72.75,-7.25,Station_194_214,194,214
-72.25,-7.25,Station_194_215,194,215
-71.75,-7.25,Station_194_216,194,216
-71.25,-7.25,Station_194_217,194,217
-70.75,-7.25,Station_194_218,194,218
-70.25,-7.25,Station_194_219,194,219
-69.75,-7.25,Station_194_220,194,220
-69.25,-7.25,Station_194_221,194,221
-68.75,-7.25,Station_194_222,194,222
-68.25,-7.25,Station_194_223,194,223
-67.75,-7.25,Station_194_224,194,224
-67.25,-7.25,Station_194_225,194,225
-66.75,-7.25,Station_194_226,194,226
-66.25,-7.25,Station_194_227,194,227
-65.75,-7.25,Station_194_228,194,228
-65.25,-7.25,Station_194_229,194,229
-64.75,-7.25,Station_194_230,194,230
-64.25,-7.25,Station_194_231,194,231
-63.75,-7.25,Station_194_232,194,232
-63.25,-7.25,Station_194_233,194,233
-62.75,-7.25,Station_194_234,194,234
-62.25,-7.25,Station_194_235,194,235
-61.75,-7.25,Station_194_236,194,236
-61.25,-7.25,Station_194_237,194,237
-60.75,-7.25,Station_194_238,194,238
-60.25,-7.25,Station_194_239,194,239
-59.75,-7.25,Station_194_240,194,240
-59.25,-7.25,Station_194_241,194,241
-58.75,-7.25,Station_194_242,194,242
-58.25,-7.25,Station_194_243,194,243
-57.75,-7.25,Station_194_244,194,244
-57.25,-7.25,Station_194_245,194,245
-56.75,-7.25,Station_194_246,194,246
-56.25,-7.25,Station_194_247,194,247
-55.75,-7.25,Station_194_248,194,248
-55.25,-7.25,Station_194_249,194,249
-54.75,-7.25,Station_194_250,194,250
-54.25,-7.25,Station_194_251,194,251
-53.75,-7.25,Station_194_252,194,252
-53.25,-7.25,Station_194_253,194,253
-52.75,-7.25,Station_194_254,194,254
-52.25,-7.25,Station_194_255,194,255
-51.75,-7.25,Station_194_256,194,256
-51.25,-7.25,Station_194_257,194,257
-50.75,-7.25,Station_194_258,194,258
-76.75,-7.75,Station_195_206,195,206
-76.25,-7.75,Station_195_207,195,207
-75.75,-7.75,Station_195_208,195,208
-75.25,-7.75,Station_195_209,195,209
-74.75,-7.75,Station_195_210,195,210
-74.25,-7.75,Station_195_211,195,211
-73.75,-7.75,Station_195_212,195,212
-73.25,-7.75,Station_195_213,195,213
-72.75,-7.75,Station_195_214,195,214
-72.25,-7.75,Station_195_215,195,215
-71.75,-7.75,Station_195_216,195,216
-71.25,-7.75,Station_195_217,195,217
-70.75,-7.75,Station_195_218,195,218
-70.25,-7.75,Station_195_219,195,219
-69.75,-7.75,Station_195_220,195,220
-69.25,-7.75,Station_195_221,195,221
-68.75,-7.75,Station_195_222,195,222
-68.25,-7.75,Station_195_223,195,223
-67.75,-7.75,Station_195_224,195,224
-67.25,-7.75,Station_195_225,195,225
-66.75,-7.75,Station_195_226,195,226
-66.25,-7.75,Station_195_227,195,227
-65.75,-7.75,Station_195_228,195,228
-65.25,-7.75,Station_195_229,195,229
-64.75,-7.75,Station_195_230,195,230
-64.25,-7.75,Station_195_231,195,231
-63.75,-7.75,Station_195_232,195,232
-63.25,-7.75,Station_195_233,195,233
-62.75,-7.75,Station_195_234,195,234
-62.25,-7.75,Station_195_235,195,235
-61.75,-7.75,Station_195_236,195,236
-61.25,-7.75,Station_195_237,195,237
-60.75,-7.75,Station_195_238,195,238
-60.25,-7.75,Station_195_239,195,239
-59.75,-7.75,Station_195_240,195,240
-59.25,-7.75,Station_195_241,195,241
-58.75,-7.75,Station_195_242,195,242
-58.25,-7.75,Station_195_243,195,243
-57.75,-7.75,Station_195_244,195,244
-57.25,-7.75,Station_195_245,195,245
-56.75,-7.75,Station_195_246,195,246
-56.25,-7.75,Station_195_247,195,247
-55.75,-7.75,Station_195_248,195,248
-55.25,-7.75,Station_195_249,195,249
-54.75,-7.75,Station_195_250,195,250
-54.25,-7.75,Station_195_251,195,251
-53.75,-7.75,Station_195_252,195,252
-53.25,-7.75,Station_195_253,195,253
-52.75,-7.75,Station_195_254,195,254
-52.25,-7.75,Station_195_255,195,255
-51.75,-7.75,Station_195_256,195,256
-51.25,-7.75,Station_195_257,195,257
-50.75,-7.75,Station_195_258,195,258
-76.25,-8.25,Station_196_207,196,207
-75.75,-8.25,Station_196_208,196,208
-75.25,-8.25,Station_196_209,196,209
-74.75,-8.25,Station_196_210,196,210
-73.75,-8.25,Station_196_212,196,212
-73.25,-8.25,Station_196_213,196,213
-72.75,-8.25,Station_196_214,196,214
-72.25,-8.25,Station_196_215,196,215
-71.75,-8.25,Station_196_216,196,216
-71.25,-8.25,Station_196_217,196,217
-70.75,-8.25,Station_196_218,196,218
-70.25,-8.25,Station_196_219,196,219
-69.75,-8.25,Station_196_220,196,220
-69.25,-8.25,Station_196_221,196,221
-68.75,-8.25,Station_196_222,196,222
-68.25,-8.25,Station_196_223,196,223
-67.75,-8.25,Station_196_224,196,224
-67.25,-8.25,Station_196_225,196,225
-66.75,-8.25,Station_196_226,196,226
-66.25,-8.25,Station_196_227,196,227
-65.75,-8.25,Station_196_228,196,228
-65.25,-8.25,Station_196_229,196,229
-64.75,-8.25,Station_196_230,196,230
-64.25,-8.25,Station_196_231,196,231
-63.75,-8.25,Station_196_232,196,232
-63.25,-8.25,Station_196_233,196,233
-62.75,-8.25,Station_196_234,196,234
-62.25,-8.25,Station_196_235,196,235
-61.75,-8.25,Station_196_236,196,236
-61.25,-8.25,Station_196_237,196,237
-60.75,-8.25,Station_196_238,196,238
-60.25,-8.25,Station_196_239,196,239
-59.75,-8.25,Station_196_240,196,240
-59.25,-8.25,Station_196_241,196,241
-58.75,-8.25,Station_196_242,196,242
-58.25,-8.25,Station_196_243,196,243
-57.75,-8.25,Station_196_244,196,244
-57.25,-8.25,Station_196_245,196,245
-56.75,-8.25,Station_196_246,196,246
-56.25,-8.25,Station_196_247,196,247
-55.75,-8.25,Station_196_248,196,248
-55.25,-8.25,Station_196_249,196,249
-54.75,-8.25,Station_196_250,196,250
-54.25,-8.25,Station_196_251,196,251
-53.75,-8.25,Station_196_252,196,252
-53.25,-8.25,Station_196_253,196,253
-52.75,-8.25,Station_196_254,196,254
-52.25,-8.25,Station_196_255,196,255
-51.75,-8.25,Station_196_256,196,256
-51.25,-8.25,Station_196_257,196,257
-50.75,-8.25,Station_196_258,196,258
-76.25,-8.75,Station_197_207,197,207
-75.75,-8.75,Station_197_208,197,208
-75.25,-8.75,Station_197_209,197,209
-74.75,-8.75,Station_197_210,197,210
-74.25,-8.75,Station_197_211,197,211
-73.25,-8.75,Station_197_213,197,213
-72.75,-8.75,Station_197_214,197,214
-72.25,-8.75,Station_197_215,197,215
-71.75,-8.75,Station_197_216,197,216
-71.25,-8.75,Station_197_217,197,217
-70.75,-8.75,Station_197_218,197,218
-70.25,-8.75,Station_197_219,197,219
-69.75,-8.75,Station_197_220,197,220
-69.25,-8.75,Station_197_221,197,221
-68.75,-8.75,Station_197_222,197,222
-68.25,-8.75,Station_197_223,197,223
-67.75,-8.75,Station_197_224,197,224
-67.25,-8.75,Station_197_225,197,225
-66.75,-8.75,Station_197_226,197,226
-66.25,-8.75,Station_197_227,197,227
-65.75,-8.75,Station_197_228,197,228
-65.25,-8.75,Station_197_229,197,229
-64.75,-8.75,Station_197_230,197,230
-64.25,-8.75,Station_197_231,197,231
-63.75,-8.75,Station_197_232,197,232
-63.25,-8.75,Station_197_233,197,233
-62.75,-8.75,Station_197_234,197,234
-62.25,-8.75,Station_197_235,197,235
-61.75,-8.75,Station_197_236,197,236
-61.25,-8.75,Station_197_237,197,237
-60.75,-8.75,Station_197_238,197,238
-60.25,-8.75,Station_197_239,197,239
-59.75,-8.75,Station_197_240,197,240
-59.25,-8.75,Station_197_241,197,241
-58.75,-8.75,Station_197_242,197,242
-58.25,-8.75,Station_197_243,197,243
-57.75,-8.75,Station_197_244,197,244
-57.25,-8.75,Station_197_245,197,245
-56.75,-8.75,Station_197_246,197,246
-56.25,-8.75,Station_197_247,197,247
-55.75,-8.75,Station_197_248,197,248
-55.25,-8.75,Station_197_249,197,249
-54.75,-8.75,Station_197_250,197,250
-54.25,-8.75,Station_197_251,197,251
-53.75,-8.75,Station_197_252,197,252
-53.25,-8.75,Station_197_253,197,253
-52.75,-8.75,Station_197_254,197,254
-52.25,-8.75,Station_197_255,197,255
-51.75,-8.75,Station_197_256,197,256
-51.25,-8.75,Station_197_257,197,257
-50.75,-8.75,Station_197_258,197,258
-50.25,-8.75,Station_197_259,197,259
-49.75,-8.75,Station_197_260,197,260
-76.25,-9.25,Station_198_207,198,207
-75.75,-9.25,Station_198_208,198,208
-75.25,-9.25,Station_198_209,198,209
-74.75,-9.25,Station_198_210,198,210
-74.25,-9.25,Station_198_211,198,211
-73.75,-9.25,Station_198_212,198,212
-73.25,-9.25,Station_198_213,198,213
-72.75,-9.25,Station_198_214,198,214
-72.25,-9.25,Station_198_215,198,215
-71.75,-9.25,Station_198_216,198,216
-71.25,-9.25,Station_198_217,198,217
-70.75,-9.25,Station_198_218,198,218
-70.25,-9.25,Station_198_219,198,219
-69.75,-9.25,Station_198_220,198,220
-69.25,-9.25,Station_198_221,198,221
-68.75,-9.25,Station_198_222,198,222
-68.25,-9.25,Station_198_223,198,223
-67.75,-9.25,Station_198_224,198,224
-67.25,-9.25,Station_198_225,198,225
-66.75,-9.25,Station_198_226,198,226
-66.25,-9.25,Station_198_227,198,227
-65.75,-9.25,Station_198_228,198,228
-65.25,-9.25,Station_198_229,198,229
-64.75,-9.25,Station_198_230,198,230
-64.25,-9.25,Station_198_231,198,231
-63.75,-9.25,Station_198_232,198,232
-63.25,-9.25,Station_198_233,198,233
-62.75,-9.25,Station_198_234,198,234
-62.25,-9.25,Station_198_235,198,235
-61.75,-9.25,Station_198_236,198,236
-61.25,-9.25,Station_198_237,198,237
-60.75,-9.25,Station_198_238,198,238
-60.25,-9.25,Station_198_239,198,239
-59.75,-9.25,Station_198_240,198,240
-59.25,-9.25,Station_198_241,198,241
-58.75,-9.25,Station_198_242,198,242
-58.25,-9.25,Station_198_243,198,243
-57.75,-9.25,Station_198_244,198,244
-57.25,-9.25,Station_198_245,198,245
-56.75,-9.25,Station_198_246,198,246
-56.25,-9.25,Station_198_247,198,247
-55.75,-9.25,Station_198_248,198,248
-55.25,-9.25,Station_198_249,198,249
-54.75,-9.25,Station_198_250,198,250
-54.25,-9.25,Station_198_251,198,251
-53.75,-9.25,Station_198_252,198,252
-53.25,-9.25,Station_198_253,198,253
-52.75,-9.25,Station_198_254,198,254
-52.25,-9.25,Station_198_255,198,255
-51.75,-9.25,Station_198_256,198,256
-51.25,-9.25,Station_198_257,198,257
-50.75,-9.25,Station_198_258,198,258
-50.25,-9.25,Station_198_259,198,259
-49.75,-9.25,Station_198_260,198,260
-75.75,-9.75,Station_199_208,199,208
-75.25,-9.75,Station_199_209,199,209
-74.75,-9.75,Station_199_210,199,210
-74.25,-9.75,Station_199_211,199,211
-73.25,-9.75,Station_199_213,199,213
-72.75,-9.75,Station_199_214,199,214
-72.25,-9.75,Station_199_215,199,215
-71.75,-9.75,Station_199_216,199,216
-71.25,-9.75,Station_199_217,199,217
-70.75,-9.75,Station_199_218,199,218
-70.25,-9.75,Station_199_219,199,219
-69.75,-9.75,Station_199_220,199,220
-69.25,-9.75,Station_199_221,199,221
-68.75,-9.75,Station_199_222,199,222
-68.25,-9.75,Station_199_223,199,223
-67.75,-9.75,Station_199_224,199,224
-67.25,-9.75,Station_199_225,199,225
-66.75,-9.75,Station_199_226,199,226
-66.25,-9.75,Station_199_227,199,227
-65.75,-9.75,Station_199_228,199,228
-65.25,-9.75,Station_199_229,199,229
-64.75,-9.75,Station_199_230,199,230
-64.25,-9.75,Station_199_231,199,231
-63.75,-9.75,Station_199_232,199,232
-63.25,-9.75,Station_199_233,199,233
-62.75,-9.75,Station_199_234,199,234
-62.25,-9.75,Station_199_235,199,235
-61.75,-9.75,Station_199_236,199,236
-61.25,-9.75,Station_199_237,199,237
-60.75,-9.75,Station_199_238,199,238
-60.25,-9.75,Station_199_239,199,239
-59.75,-9.75,Station_199_240,199,240
-59.25,-9.75,Station_199_241,199,241
-58.75,-9.75,Station_199_242,199,242
-58.25,-9.75,Station_199_243,199,243
-57.75,-9.75,Station_199_244,199,244
-57.25,-9.75,Station_199_245,199,245
-56.75,-9.75,Station_199_246,199,246
-56.25,-9.75,Station_199_247,199,247
-55.75,-9.75,Station_199_248,199,248
-55.25,-9.75,Station_199_249,199,249
-54.25,-9.75,Station_199_251,199,251
-53.75,-9.75,Station_199_252,199,252
-53.25,-9.75,Station_199_253,199,253
-52.75,-9.75,Station_199_254,199,254
-52.25,-9.75,Station_199_255,199,255
-51.75,-9.75,Station_199_256,199,256
-51.25,-9.75,Station_199_257,199,257
-50.25,-9.75,Station_199_259,199,259
-49.75,-9.75,Station_199_260,199,260
-75.25,-10.25,Station_200_209,200,209
-74.75,-10.25,Station_200_210,200,210
-74.25,-10.25,Station_200_211,200,211
-73.75,-10.25,Station_200_212,200,212
-73.25,-10.25,Station_200_213,200,213
-72.75,-10.25,Station_200_214,200,214
-72.25,-10.25,Station_200_215,200,215
-71.75,-10.25,Station_200_216,200,216
-71.25,-10.25,Station_200_217,200,217
-70.75,-10.25,Station_200_218,200,218
-70.25,-10.25,Station_200_219,200,219
-69.75,-10.25,Station_200_220,200,220
-69.25,-10.25,Station_200_221,200,221
-68.75,-10.25,Station_200_222,200,222
-68.25,-10.25,Station_200_223,200,223
-67.75,-10.25,Station_200_224,200,224
-67.25,-10.25,Station_200_225,200,225
-66.75,-10.25,Station_200_226,200,226
-66.25,-10.25,Station_200_227,200,227
-64.75,-10.25,Station_200_230,200,230
-64.25,-10.25,Station_200_231,200,231
-63.75,-10.25,Station_200_232,200,232
-63.25,-10.25,Station_200_233,200,233
-61.25,-10.25,Station_200_237,200,237
-60.75,-10.25,Station_200_238,200,238
-60.25,-10.25,Station_200_239,200,239
-59.75,-10.25,Station_200_240,200,240
-59.25,-10.25,Station_200_241,200,241
-58.75,-10.25,Station_200_242,200,242
-58.25,-10.25,Station_200_243,200,243
-57.75,-10.25,Station_200_244,200,244
-57.25,-10.25,Station_200_245,200,245
-56.75,-10.25,Station_200_246,200,246
-56.25,-10.25,Station_200_247,200,247
-54.25,-10.25,Station_200_251,200,251
-53.75,-10.25,Station_200_252,200,252
-53.25,-10.25,Station_200_253,200,253
-52.75,-10.25,Station_200_254,200,254
-51.75,-10.25,Station_200_256,200,256
-51.25,-10.25,Station_200_257,200,257
-50.75,-10.25,Station_200_258,200,258
-50.25,-10.25,Station_200_259,200,259
-74.75,-10.75,Station_201_210,201,210
-74.25,-10.75,Station_201_211,201,211
-73.75,-10.75,Station_201_212,201,212
-73.25,-10.75,Station_201_213,201,213
-72.75,-10.75,Station_201_214,201,214
-72.25,-10.75,Station_201_215,201,215
-71.75,-10.75,Station_201_216,201,216
-71.25,-10.75,Station_201_217,201,217
-70.75,-10.75,Station_201_218,201,218
-70.25,-10.75,Station_201_219,201,219
-69.75,-10.75,Station_201_220,201,220
-69.25,-10.75,Station_201_221,201,221
-68.75,-10.75,Station_201_222,201,222
-68.25,-10.75,Station_201_223,201,223
-67.75,-10.75,Station_201_224,201,224
-67.25,-10.75,Station_201_225,201,225
-66.75,-10.75,Station_201_226,201,226
-66.25,-10.75,Station_201_227,201,227
-65.75,-10.75,Station_201_228,201,228
-65.25,-10.75,Station_201_229,201,229
-64.75,-10.75,Station_201_230,201,230
-64.25,-10.75,Station_201_231,201,231
-63.75,-10.75,Station_201_232,201,232
-63.25,-10.75,Station_201_233,201,233
-62.75,-10.75,Station_201_234,201,234
-62.25,-10.75,Station_201_235,201,235
-61.25,-10.75,Station_201_237,201,237
-60.75,-10.75,Station_201_238,201,238
-60.25,-10.75,Station_201_239,201,239
-59.75,-10.75,Station_201_240,201,240
-59.25,-10.75,Station_201_241,201,241
-58.75,-10.75,Station_201_242,201,242
-58.25,-10.75,Station_201_243,201,243
-57.75,-10.75,Station_201_244,201,244
-57.25,-10.75,Station_201_245,201,245
-56.75,-10.75,Station_201_246,201,246
-56.25,-10.75,Station_201_247,201,247
-55.75,-10.75,Station_201_248,201,248
-54.25,-10.75,Station_201_251,201,251
-53.75,-10.75,Station_201_252,201,252
-53.25,-10.75,Station_201_253,201,253
-52.75,-10.75,Station_201_254,201,254
-51.75,-10.75,Station_201_256,201,256
-51.25,-10.75,Station_201_257,201,257
-50.75,-10.75,Station_201_258,201,258
-74.75,-11.25,Station_202_210,202,210
-74.25,-11.25,Station_202_211,202,211
-73.75,-11.25,Station_202_212,202,212
-73.25,-11.25,Station_202_213,202,213
-72.75,-11.25,Station_202_214,202,214
-72.25,-11.25,Station_202_215,202,215
-71.75,-11.25,Station_202_216,202,216
-71.25,-11.25,Station_202_217,202,217
-70.75,-11.25,Station_202_218,202,218
-70.25,-11.25,Station_202_219,202,219
-69.75,-11.25,Station_202_220,202,220
-69.25,-11.25,Station_202_221,202,221
-68.75,-11.25,Station_202_222,202,222
-68.25,-11.25,Station_202_223,202,223
-66.75,-11.25,Station_202_226,202,226
-66.25,-11.25,Station_202_227,202,227
-65.75,-11.25,Station_202_228,202,228
-65.25,-11.25,Station_202_229,202,229
-64.75,-11.25,Station_202_230,202,230
-64.25,-11.25,Station_202_231,202,231
-63.75,-11.25,Station_202_232,202,232
-63.25,-11.25,Station_202_233,202,233
-62.75,-11.25,Station_202_234,202,234
-62.25,-11.25,Station_202_235,202,235
-60.75,-11.25,Station_202_238,202,238
-60.25,-11.25,Station_202_239,202,239
-59.75,-11.25,Station_202_240,202,240
-59.25,-11.25,Station_202_241,202,241
-58.75,-11.25,Station_202_242,202,242
-58.25,-11.25,Station_202_243,202,243
-57.75,-11.25,Station_202_244,202,244
-57.25,-11.25,Station_202_245,202,245
-56.75,-11.25,Station_202_246,202,246
-56.25,-11.25,Station_202_247,202,247
-55.75,-11.25,Station_202_248,202,248
-55.25,-11.25,Station_202_249,202,249
-54.75,-11.25,Station_202_250,202,250
-54.25,-11.25,Station_202_251,202,251
-53.75,-11.25,Station_202_252,202,252
-53.25,-11.25,Station_202_253,202,253
-52.75,-11.25,Station_202_254,202,254
-52.25,-11.25,Station_202_255,202,255
-51.25,-11.25,Station_202_257,202,257
-74.25,-11.75,Station_203_211,203,211
-73.75,-11.75,Station_203_212,203,212
-73.25,-11.75,Station_203_213,203,213
-72.75,-11.75,Station_203_214,203,214
-72.25,-11.75,Station_203_215,203,215
-71.75,-11.75,Station_203_216,203,216
-71.25,-11.75,Station_203_217,203,217
-70.75,-11.75,Station_203_218,203,218
-70.25,-11.75,Station_203_219,203,219
-69.75,-11.75,Station_203_220,203,220
-69.25,-11.75,Station_203_221,203,221
-68.75,-11.75,Station_203_222,203,222
-68.25,-11.75,Station_203_223,203,223
-67.75,-11.75,Station_203_224,203,224
-67.25,-11.75,Station_203_225,203,225
-66.75,-11.75,Station_203_226,203,226
-66.25,-11.75,Station_203_227,203,227
-65.75,-11.75,Station_203_228,203,228
-64.75,-11.75,Station_203_230,203,230
-64.25,-11.75,Station_203_231,203,231
-63.75,-11.75,Station_203_232,203,232
-63.25,-11.75,Station_203_233,203,233
-62.75,-11.75,Station_203_234,203,234
-62.25,-11.75,Station_203_235,203,235
-60.75,-11.75,Station_203_238,203,238
-60.25,-11.75,Station_203_239,203,239
-59.75,-11.75,Station_203_240,203,240
-59.25,-11.75,Station_203_241,203,241
-58.75,-11.75,Station_203_242,203,242
-58.25,-11.75,Station_203_243,203,243
-57.75,-11.75,Station_203_244,203,244
-57.25,-11.75,Station_203_245,203,245
-56.75,-11.75,Station_203_246,203,246
-56.25,-11.75,Station_203_247,203,247
-55.75,-11.75,Station_203_248,203,248
-55.25,-11.75,Station_203_249,203,249
-54.75,-11.75,Station_203_250,203,250
-54.25,-11.75,Station_203_251,203,251
-53.75,-11.75,Station_203_252,203,252
-53.25,-11.75,Station_203_253,203,253
-52.75,-11.75,Station_203_254,203,254
-52.25,-11.75,Station_203_255,203,255
-51.75,-11.75,Station_203_256,203,256
-51.25,-11.75,Station_203_257,203,257
-73.75,-12.25,Station_204_212,204,212
-73.25,-12.25,Station_204_213,204,213
-72.75,-12.25,Station_204_214,204,214
-72.25,-12.25,Station_204_215,204,215
-71.75,-12.25,Station_204_216,204,216
-71.25,-12.25,Station_204_217,204,217
-70.75,-12.25,Station_204_218,204,218
-70.25,-12.25,Station_204_219,204,219
-69.75,-12.25,Station_204_220,204,220
-69.25,-12.25,Station_204_221,204,221
-68.75,-12.25,Station_204_222,204,222
-68.25,-12.25,Station_204_223,204,223
-67.75,-12.25,Station_204_224,204,224
-67.25,-12.25,Station_204_225,204,225
-66.75,-12.25,Station_204_226,204,226
-65.75,-12.25,Station_204_228,204,228
-63.75,-12.25,Station_204_232,204,232
-63.25,-12.25,Station_204_233,204,233
-62.75,-12.25,Station_204_234,204,234
-62.25,-12.25,Station_204_235,204,235
-61.75,-12.25,Station_204_236,204,236
-61.25,-12.25,Station_204_237,204,237
-60.75,-12.25,Station_204_238,204,238
-60.25,-12.25,Station_204_239,204,239
-59.75,-12.25,Station_204_240,204,240
-59.25,-12.25,Station_204_241,204,241
-58.75,-12.25,Station_204_242,204,242
-58.25,-12.25,Station_204_243,204,243
-57.75,-12.25,Station_204_244,204,244
-57.25,-12.25,Station_204_245,204,245
-56.75,-12.25,Station_204_246,204,246
-56.25,-12.25,Station_204_247,204,247
-55.25,-12.25,Station_204_249,204,249
-54.75,-12.25,Station_204_250,204,250
-54.25,-12.25,Station_204_251,204,251
-53.75,-12.25,Station_204_252,204,252
-53.25,-12.25,Station_204_253,204,253
-52.75,-12.25,Station_204_254,204,254
-52.25,-12.25,Station_204_255,204,255
-51.75,-12.25,Station_204_256,204,256
-49.75,-12.25,Station_204_260,204,260
-73.25,-12.75,Station_205_213,205,213
-72.75,-12.75,Station_205_214,205,214
-72.25,-12.75,Station_205_215,205,215
-71.75,-12.75,Station_205_216,205,216
-71.25,-12.75,Station_205_217,205,217
-70.75,-12.75,Station_205_218,205,218
-70.25,-12.75,Station_205_219,205,219
-69.75,-12.75,Station_205_220,205,220
-69.25,-12.75,Station_205_221,205,221
-68.25,-12.75,Station_205_223,205,223
-67.75,-12.75,Station_205_224,205,224
-62.75,-12.75,Station_205_234,205,234
-62.25,-12.75,Station_205_235,205,235
-61.75,-12.75,Station_205_236,205,236
-61.25,-12.75,Station_205_237,205,237
-60.25,-12.75,Station_205_239,205,239
-59.75,-12.75,Station_205_240,205,240
-57.75,-12.75,Station_205_244,205,244
-57.25,-12.75,Station_205_245,205,245
-56.75,-12.75,Station_205_246,205,246
-56.25,-12.75,Station_205_247,205,247
-55.25,-12.75,Station_205_249,205,249
-54.75,-12.75,Station_205_250,205,250
-54.25,-12.75,Station_205_251,205,251
-53.75,-12.75,Station_205_252,205,252
-53.25,-12.75,Station_205_253,205,253
-52.75,-12.75,Station_205_254,205,254
-52.25,-12.75,Station_205_255,205,255
-51.75,-12.75,Station_205_256,205,256
-70.75,-13.25,Station_206_218,206,218
-70.25,-13.25,Station_206_219,206,219
-69.75,-13.25,Station_206_220,206,220
-69.25,-13.25,Station_206_221,206,221
-68.75,-13.25,Station_206_222,206,222
-68.25,-13.25,Station_206_223,206,223
-67.75,-13.25,Station_206_224,206,224
-61.75,-13.25,Station_206_236,206,236
-60.75,-13.25,Station_206_238,206,238
-59.75,-13.25,Station_206_240,206,240
-59.25,-13.25,Station_206_241,206,241
-57.75,-13.25,Station_206_244,206,244
-57.25,-13.25,Station_206_245,206,245
-56.75,-13.25,Station_206_246,206,246
-56.25,-13.25,Station_206_247,206,247
-55.75,-13.25,Station_206_248,206,248
-55.25,-13.25,Station_206_249,206,249
-54.75,-13.25,Station_206_250,206,250
-54.25,-13.25,Station_206_251,206,251
-53.75,-13.25,Station_206_252,206,252
-53.25,-13.25,Station_206_253,206,253
-52.75,-13.25,Station_206_254,206,254
-69.75,-13.75,Station_207_220,207,220
-69.25,-13.75,Station_207_221,207,221
-68.75,-13.75,Station_207_222,207,222
-68.25,-13.75,Station_207_223,207,223
-67.75,-13.75,Station_207_224,207,224
-61.75,-13.75,Station_207_236,207,236
-61.25,-13.75,Station_207_237,207,237
-60.75,-13.75,Station_207_238,207,238
-60.25,-13.75,Station_207_239,207,239
-59.75,-13.75,Station_207_240,207,240
-59.25,-13.75,Station_207_241,207,241
-56.75,-13.75,Station_207_246,207,246
-56.25,-13.75,Station_207_247,207,247
-55.75,-13.75,Station_207_248,207,248
-55.25,-13.75,Station_207_249,207,249
-54.75,-13.75,Station_207_250,207,250
-68.75,-14.25,Station_208_222,208,222
-68.25,-14.25,Station_208_223,208,223
-67.75,-14.25,Station_208_224,208,224
-67.25,-14.25,Station_208_225,208,225
-62.75,-14.25,Station_208_234,208,234
-61.75,-14.25,Station_208_236,208,236
-61.25,-14.25,Station_208_237,208,237
-60.75,-14.25,Station_208_238,208,238
-60.25,-14.25,Station_208_239,208,239
-59.25,-14.25,Station_208_241,208,241
-55.75,-14.25,Station_208_248,208,248
-68.25,-14.75,Station_209_223,209,223
-67.75,-14.75,Station_209_224,209,224
-67.25,-14.75,Station_209_225,209,225
-66.75,-14.75,Station_209_226,209,226
-62.75,-14.75,Station_209_234,209,234
-62.25,-14.75,Station_209_235,209,235
-61.75,-14.75,Station_209_236,209,236
-61.25,-14.75,Station_209_237,209,237
-60.75,-14.75,Station_209_238,209,238
-60.25,-14.75,Station_209_239,209,239
-59.75,-14.75,Station_209_240,209,240
-57.25,-14.75,Station_209_245,209,245
-68.25,-15.25,Station_210_223,210,223
-67.75,-15.25,Station_210_224,210,224
-67.25,-15.25,Station_210_225,210,225
-66.75,-15.25,Station_210_226,210,226
-66.25,-15.25,Station_210_227,210,227
-62.75,-15.25,Station_210_234,210,234
-62.25,-15.25,Station_210_235,210,235
-61.75,-15.25,Station_210_236,210,236
-61.25,-15.25,Station_210_237,210,237
-60.75,-15.25,Station_210_238,210,238
-60.25,-15.25,Station_210_239,210,239
-59.75,-15.25,Station_210_240,210,240
-56.75,-15.25,Station_210_246,210,246
-67.75,-15.75,Station_211_224,211,224
-67.25,-15.75,Station_211_225,211,225
-66.75,-15.75,Station_211_226,211,226
-66.25,-15.75,Station_211_227,211,227
-65.75,-15.75,Station_211_228,211,228
-62.75,-15.75,Station_211_234,211,234
-62.25,-15.75,Station_211_235,211,235
-61.75,-15.75,Station_211_236,211,236
-61.25,-15.75,Station_211_237,211,237
-60.75,-15.75,Station_211_238,211,238
-60.25,-15.75,Station_211_239,211,239
-57.25,-15.75,Station_211_245,211,245
-56.75,-15.75,Station_211_246,211,246
-55.25,-15.75,Station_211_249,211,249
-54.25,-15.75,Station_211_251,211,251
-67.25,-16.25,Station_212_225,212,225
-66.75,-16.25,Station_212_226,212,226
-66.25,-16.25,Station_212_227,212,227
-65.75,-16.25,Station_212_228,212,228
-65.25,-16.25,Station_212_229,212,229
-63.25,-16.25,Station_212_233,212,233
-62.75,-16.25,Station_212_234,212,234
-62.25,-16.25,Station_212_235,212,235
-61.75,-16.25,Station_212_236,212,236
-61.25,-16.25,Station_212_237,212,237
-60.75,-16.25,Station_212_238,212,238
-60.25,-16.25,Station_212_239,212,239
-66.25,-16.75,Station_213_227,213,227
-65.75,-16.75,Station_213_228,213,228
-65.25,-16.75,Station_213_229,213,229
-64.75,-16.75,Station_213_230,213,230
-64.25,-16.75,Station_213_231,213,231
-63.75,-16.75,Station_213_232,213,232
-63.25,-16.75,Station_213_233,213,233
-62.75,-16.75,Station_213_234,213,234
-62.25,-16.75,Station_213_235,213,235
-61.75,-16.75,Station_213_236,213,236
-61.25,-16.75,Station_213_237,213,237
-60.75,-16.75,Station_213_238,213,238
-65.25,-17.25,Station_214_229,214,229
-64.75,-17.25,Station_214_230,214,230
-64.25,-17.25,Station_214_231,214,231
-63.75,-17.25,Station_214_232,214,232
-61.75,-17.25,Station_214_236,214,236
-61.25,-17.25,Station_214_237,214,237
-60.75,-17.25,Station_214_238,214,238
-60.25,-17.25,Station_214_239,214,239
-64.25,-17.75,Station_215_231,215,231
-63.75,-17.75,Station_215_232,215,232
-63.25,-17.75,Station_215_233,215,233
-61.75,-17.75,Station_215_236,215,236
-61.25,-17.75,Station_215_237,215,237
-60.75,-17.75,Station_215_238,215,238
-63.75,-18.25,Station_216_232,216,232
-63.25,-18.25,Station_216_233,216,233
-62.75,-18.25,Station_216_234,216,234
-62.25,-18.25,Station_216_235,216,235
-61.75,-18.25,Station_216_236,216,236
-61.25,-18.25,Station_216_237,216,237
-60.75,-18.25,Station_216_238,216,238
-64.25,-18.75,Station_217_231,217,231
-63.75,-18.75,Station_217_232,217,232
-63.25,-18.75,Station_217_233,217,233
-62.75,-18.75,Station_217_234,217,234
-62.25,-18.75,Station_217_235,217,235
-61.75,-18.75,Station_217_236,217,236
-61.25,-18.75,Station_217_237,217,237
-63.75,-19.25,Station_218_232,218,232
-63.25,-19.25,Station_218_233,218,233
-62.75,-19.25,Station_218_234,218,234
-63.75,-19.75,Station_219_232,219,232
-63.25,-19.75,Station_219_233,219,233
-62.75,-19.75,Station_219_234,219,234
